;Tweets;len;ID;Created;Source;Likes;RTs
0;Ditantang #adubalap sama @m_marshel, kalau kalah gue harus follow akun dia. Kok bisa ya ada orang yang kepedean ban‚Ä¶ https://t.co/QA6aCMgrkp;140;1571679002146009088;2022-09-19 01:54:09+00:00;Twitter for iPhone;222;11
1;Baru tau sekarang mantau saham di https://t.co/mT324OMJ6B lebih gampang daripada ngurus tamagotchi. Satu layar udah‚Ä¶ https://t.co/LBxJiil5vo;140;1556917248841101312;2022-08-09 08:16:12+00:00;Twitter for iPhone;193;9
2;"Shoutout to @sillysocietynft for creating this masterpiece mashup! 

Luucuuuuu beneeeerrrrr https://t.co/FaJQPHKdA1";115;1552263317087211520;2022-07-27 12:03:09+00:00;Twitter for iPhone;2393;238
3;"Seru nih, 1.000 produk bareng JINISO! @Jinisoid 
Coba dipencet siapa tau beruntungüëãüèº 
#JinisoEmangKeren‚Ä¶ https://t.co/iiUkRRFtVn";128;1546433665038942208;2022-07-11 09:58:11+00:00;Twitter for iPhone;202;13
4;-... . .-.. .. / ... .- .... .- -- / -.. .- -. / .-. . -.- ... .- / -.. .- -. .- / -.. .. @indopremier ..- -.. .- .‚Ä¶ https://t.co/5cbpWZyxr0;140;1543930260508778496;2022-07-04 12:10:33+00:00;Twitter for iPhone;603;45
5;Info dong warga Twitter, Panti Asuhan anak sekitaran JABODETABEK?;65;1538716349887057920;2022-06-20 02:52:20+00:00;Twitter for iPhone;616;45
6;Mau bagi-bagi Golden Ticket juga ah ke warga Twitter. Ada yg mau? https://t.co/VEOQj1Woa9;89;1537714835781103616;2022-06-17 08:32:40+00:00;Twitter for iPhone;5585;492
7;Pagi pertama setelah libur lebaran dimulai dengan follow @sillysocietynft. Siapa tau bisa dapet WL, kan..;105;1523488307241693186;2022-05-09 02:21:32+00:00;Twitter for iPhone;335;24
8;"RT @sillysocietynft: üî• WL GIVEAWAY üî•
wen fish say ""MEOOOW"" üêüüêà
reach this tweet
3 WL to grab 
!LEMOW
ENDS IN 172.000 sec 

#NFTGiveaways #NF‚Ä¶";140;1523487555999920130;2022-05-09 02:18:33+00:00;Twitter for iPhone;0;89
9;Dipikir2 Ibu ini kasian memang. Suaminya meninggal, adeknya meninggal, akhirnya mesti hidup sebatang kara. Sekaliny‚Ä¶ https://t.co/gWrjE3z8TD;140;1522759439849115648;2022-05-07 02:05:16+00:00;Twitter for iPhone;991;51
10;Ada ibu pengin ketemu anaknya, sampai nyusahin semua orang.;59;1522406081443811328;2022-05-06 02:41:09+00:00;Twitter for iPhone;33588;2486
11;Liat deh: https://t.co/QEzpGcmSUN;33;1519879690827501569;2022-04-29 03:22:10+00:00;Twitter for iPhone;267;19
12;"Nah, yang udah pada LIKE dan reply pake bukti skrinsutannnya, siap-siap di tab mention ya!

Kalo reply kalian di LI‚Ä¶ https://t.co/IALxs8GxcV";140;1518889514236014593;2022-04-26 09:47:34+00:00;Twitter for iPhone;766;95
13;RT @sehatAQUA: @Poconggg @anyaselalubenar @BudeSumiyati Kalo pengen diingetin minum air putih dulu mah gampang, tinggal LIKE tweet aku di l‚Ä¶;140;1518596697550913537;2022-04-25 14:24:01+00:00;Twitter for iPhone;0;48
14;"Oke jadiin nih ya @SEHATAQUA
 
Gimana kalo kita bagi-bagi THR voucher Gopay 300rb buat 100 orang, + hadiah dari‚Ä¶ https://t.co/w19gWbmAGH";136;1518596650364977157;2022-04-25 14:23:50+00:00;Twitter for iPhone;1423;331
15;Yang makan es teler cuma ngincer nangkanya doang mending gausah ditemenin lah.;78;1518545200054140929;2022-04-25 10:59:23+00:00;Twitter for iPhone;14465;1026
16;Dua bidadari timeline mau ikutan kasih hadiah. Gas nggak nih? @anyaselalubenar @budesumiyati https://t.co/nw1g4ja5I6;116;1518538537007673344;2022-04-25 10:32:54+00:00;Twitter for iPhone;168;5
17;Tenggorokan nggak enak banget nih, gara-gara tadi sahur di jalan pas roadtrip lupa banget harusnya minum air putih‚Ä¶ https://t.co/OWsrVi6Axz;139;1518491716864540672;2022-04-25 07:26:52+00:00;Twitter for iPhone;2446;136
18;@shitlicious @omeshomesh @jek___ @dimasmairyan Hmmm. @dimasmairyan dim, kita adu sama @radenrauf lucu nih.;106;1515627473228414978;2022-04-17 09:45:23+00:00;Twitter for iPhone;156;12
19;@jek___ DM nomer hp, yaa. Dari kmrn mentionnya kelewat terus, soalnya nggak masuk ke tab verified.;98;1515572341773725696;2022-04-17 06:06:18+00:00;Twitter for iPhone;1353;31
20;RT @febrianppkw: @Poconggg Suruh ambil sendiri dan dipisah-pisah sparepartnya bang, biar rakit sendiri aja;106;1515543267840266241;2022-04-17 04:10:47+00:00;Twitter for iPhone;0;169
21;RT @pedangkeramat: @Poconggg dilelang aja buat amal bg;54;1515542940944601090;2022-04-17 04:09:29+00:00;Twitter for iPhone;0;8
22;RT @usamahbalfaqih: @Poconggg Suruh ambil sendiri jangan diisiin bensin bang, biar dia bawa bensin pake plastik.;112;1515542925043957763;2022-04-17 04:09:25+00:00;Twitter for iPhone;0;14
23;RT @akewsetiawan: @Poconggg Harusnya vote yg paling rendah yg menang bang , biar alit tetap menang;98;1515542861873561600;2022-04-17 04:09:10+00:00;Twitter for iPhone;0;7
24;Tolong tanyain Stang Jek Vespanya mau dikirim apa dia ambil sendiri ke Tambun.;78;1515541945745276937;2022-04-17 04:05:31+00:00;Twitter for iPhone;9480;333
25;Vote di sini. https://t.co/eX6zudEyfH;37;1515308610930192389;2022-04-16 12:38:20+00:00;Twitter for iPhone;778;33
26;5% lagi @jek___ akan gigit jari. @shitlicious : https://t.co/5S7QtvqEWz;71;1515308082171023360;2022-04-16 12:36:14+00:00;Twitter for iPhone;249;9
27;Makin seru. @jek___ kesusul 1% lagi. Total udah disusul oleh @shitlicious sebanyak 4%! https://t.co/5IXV5TEvrX;110;1515289185430966276;2022-04-16 11:21:09+00:00;Twitter for iPhone;241;9
28;Oke. @shitlicious naik lagi 1%, @jek___ turun 1%. Sisa selisih: 7% Sisa waktu vote: 4 jam. https://t.co/JyLrqdHxZL;114;1515272706681622534;2022-04-16 10:15:40+00:00;Twitter for iPhone;254;8
29;Perlahan tapi pasti, @shitlicious naik lagi 1%, dan @jek___ turun 1%. Ada apa ini‚Ä¶ https://t.co/DpDutVjLUl;106;1515260201930485760;2022-04-16 09:25:58+00:00;Twitter for iPhone;247;4
30;Setelah tweet black campaign @shitlicious tentang jejak digital @jek___, votenya alit naik dan votenya jek turun 1%‚Ä¶ https://t.co/QMbGdraaXv;140;1515256985566212097;2022-04-16 09:13:12+00:00;Twitter for iPhone;217;6
31;Wah.. jejak digital.. https://t.co/lTK4FAcCRt;45;1515252214561792000;2022-04-16 08:54:14+00:00;Twitter for iPhone;9726;1247
32;Semua orang berhak untuk kesempatan kedua. Kasian Ustad Jek.. Coba kali ini kita liat amal kebaikan @jek___ dan‚Ä¶ https://t.co/uO3AbbZ9Qu;136;1515239594719334403;2022-04-16 08:04:05+00:00;Twitter for iPhone;1081;144
33;Yah.. maaf ya @jek___.. üôèüèº https://t.co/SoZKIWVV66;50;1515232190350913538;2022-04-16 07:34:40+00:00;Twitter for iPhone;486;17
34;Sisa 1 menit.. amal ibadah Jek dipertaruhkan.. https://t.co/wxhHDkvXgB;70;1515231432884785154;2022-04-16 07:31:39+00:00;Twitter for iPhone;376;8
35;Luar biasa black campaign @shitlicious ke @jek___. Apa kita adu aja ya kayak cupang? https://t.co/8DkDWn9XYy;108;1515224198511493123;2022-04-16 07:02:55+00:00;Twitter for iPhone;1347;88
36;Sudah 1 jam dan 25.000 orang yang ngevote. Hmm.. menarik juga hasilnya.;71;1515214436382158853;2022-04-16 06:24:07+00:00;Twitter for iPhone;458;6
37;Gue nggak kenal @jek___ dan nggak punya nomor hpnya. Siapapun yg kenal sama beliau, tolong kasih tau kalau pollingn‚Ä¶ https://t.co/5CYGu1IQNP;140;1515202202658557954;2022-04-16 05:35:30+00:00;Twitter for iPhone;844;25
38;Ustad Jek @jek___  itu sebenernya perlu dikasih vespa atau enggak sih? Apapun hasil pollingnya akan langsung gue wu‚Ä¶ https://t.co/dUB78wZA9B;140;1515201405543657476;2022-04-16 05:32:20+00:00;Twitter for iPhone;3658;273
39;@wargabiasa___ Oke.;19;1515041157322973187;2022-04-15 18:55:34+00:00;Twitter for iPhone;9;3
40;Mulai luluh. https://t.co/zCl9wkgi3A;36;1515038752497758209;2022-04-15 18:46:01+00:00;Twitter for iPhone;1610;91
41;Hmmm. https://t.co/qwCdybGSEz;29;1514457341525061639;2022-04-14 04:15:42+00:00;Twitter for iPhone;1137;49
42;Hmmm. https://t.co/a6ncPHOd0O;29;1514456631341293568;2022-04-14 04:12:52+00:00;Twitter for iPhone;790;42
43;Hmmm. https://t.co/1IOQMUuR50;29;1514456562202337280;2022-04-14 04:12:36+00:00;Twitter for iPhone;1259;49
44;Hmm. https://t.co/1s2GHqH12i;28;1514453817470816256;2022-04-14 04:01:41+00:00;Twitter for iPhone;5011;272
45;RT @thepanturas: mau. tuker ama vokalis gua gpp deh.;52;1514145949949788163;2022-04-13 07:38:20+00:00;Twitter for iPhone;0;128
46;@yourbae Sebagai sesama alumni Bareskrim‚Ä¶;41;1514135348313427970;2022-04-13 06:56:12+00:00;Twitter for iPhone;1321;110
47;Total ada 100 Vespa. Yang udah keluar baru setengahnya. Kalau di awal2 banyak kirim ke FnF, sisanya ini mau fokus b‚Ä¶ https://t.co/2w8b7yUcvU;140;1514129131612798977;2022-04-13 06:31:30+00:00;Twitter for iPhone;5680;895
48;Kalau ramai mau bagiin beberapa Vespa Prepp Edition di sini. Gratis. Sebagian buat netijen, sebagian buat selebtwee‚Ä¶ https://t.co/7yoj7WpNTX;140;1514125300653002753;2022-04-13 06:16:17+00:00;Twitter for iPhone;11175;1893
49;Mau bagi-bagi hampers Vespa di Twitter juga ah. Anak sini pada mau nggak?;73;1514119883532890114;2022-04-13 05:54:45+00:00;Twitter for iPhone;47077;5945
50;Ya udah ya udah. Gue kasih 1 hampers vespanya. Mau warna apa? Kirim alamat di dm. ü§ù https://t.co/9mjgs2Whjh;107;1512459725983870983;2022-04-08 15:57:53+00:00;Twitter for iPhone;2072;167
51;Hmmm. Usahanya si bole. Kasih nggak? https://t.co/tCDT7WbedE;60;1512457267764858880;2022-04-08 15:48:07+00:00;Twitter for iPhone;704;31
52;RT @renaldypjs: sepakat ü§ù https://t.co/FEQ69rMgB5;49;1500364591288578052;2022-03-06 06:56:08+00:00;Twitter for iPhone;0;1825
53;RT @MOTION975FM: Bang Arief (@Poconggg) udah sebel banget kayaknya sampe gunain cara lain buat berhentiin perdebatan cara makan nasi padang‚Ä¶;140;1500364497063591939;2022-03-06 06:55:46+00:00;Twitter for iPhone;0;21
54;Survei membuktikan makan nasi padang itu emang paling nikmat pakai tangan. Coba warga twitter, kalian tim‚Ä¶ https://t.co/0bl2DuUkZT;130;1498993932566675458;2022-03-02 12:09:38+00:00;Twitter for iPhone;1179;99
55;RT @IimSaja: @Poconggg Sungguh aku tidak akan tergocyek dengan template template duniawi seperti ini;100;1496438185316225027;2022-02-23 10:54:00+00:00;Twitter for iPhone;0;27
56;"Tadi siang ke bank urus m-banking yg bermasalah. Baru kali ini agak tersinggung sm customer service. Dia bilang, ""P‚Ä¶ https://t.co/vZNPD8H67H";140;1496436500413755393;2022-02-23 10:47:18+00:00;Twitter for iPhone;7552;903
57;"@bapetaverse Discord id: ariefmuhammad#4327

I love the quality of your products. It would be a pleasure for me to‚Ä¶ https://t.co/7qYkPHIt43";139;1492815075731963907;2022-02-13 10:57:03+00:00;Twitter for iPhone;21039;178
58;@BoredJametPC ü§ù;15;1492510444874911744;2022-02-12 14:46:34+00:00;Twitter for iPhone;55;4
59;@mecinaddict Banyak juga yang ngirimin video ini, gue malah baru tau. Boleh nih dicoba.;87;1489074807828520960;2022-02-03 03:14:34+00:00;Twitter for iPhone;12;0
60;@mecinaddict Apa tuuuu?;23;1488815344051392512;2022-02-02 10:03:33+00:00;Twitter for iPhone;3;0
61;Rekomendasi es krim yang beda atau unik dong‚Ä¶;45;1488809981583699971;2022-02-02 09:42:15+00:00;Twitter for iPhone;3545;48
62;"Rutinitas setiap hari Senin - Jumat:
00.00 - 04.00 gentayangan
04.00 - 09.00 bobo
09.00 - 15.00 investasi saham pak‚Ä¶ https://t.co/cTzxNEPgV0";140;1487989887211282432;2022-01-31 03:23:29+00:00;Twitter for iPhone;1279;49
63;Andi Gilang! #IndonesiadiMotoGP https://t.co/ceM00SNURm;55;1485447372788604930;2022-01-24 03:00:26+00:00;Twitter for iPhone;741;25
64;Mau kumpulin warga yang pasti pada antri kalo minta satu dikasih dua kayak gini. Sampai trending lho ini.. Yang mau‚Ä¶ https://t.co/tkrLDXnSXi;140;1480819518939140096;2022-01-11 08:31:00+00:00;Twitter for iPhone;1751;105
65;Enggak, Mas. Terlalu kaya.. https://t.co/i4WckjPCSR;51;1462738920597123076;2021-11-22 11:05:09+00:00;Twitter for iPhone;8685;1781
66;Selamat pagi orang yang suka chat P P P P P P P P P P P P P P P P P P P P P P P P P P P P P P P P P P P P P P P P P‚Ä¶ https://t.co/ylujjqwqOk;140;1455703548834902022;2021-11-03 01:09:06+00:00;Twitter for iPhone;6243;817
67;RT @titoutomo: Udah cong https://t.co/zmJA7kGoYk;48;1454439241451143169;2021-10-30 13:25:11+00:00;Twitter for iPhone;0;27
68;RT @sijofisa: @Poconggg Jangan lupa standardnya pake lap biar keramiknya ga lecet;81;1454437019539554313;2021-10-30 13:16:22+00:00;Twitter for iPhone;0;15
69;RT @ohmasbay: @Poconggg Jangan lupa dialasin, olinya netes tuh;62;1454435543836545024;2021-10-30 13:10:30+00:00;Twitter for iPhone;0;6
70;RT @andikabp__: @Poconggg Udah malem, meja diruang tamu rapetin dulu ke kursi biar muat motornya;96;1454435314198450181;2021-10-30 13:09:35+00:00;Twitter for iPhone;0;12
71;Udah malem.. Masukin dulu Supra X-nya ke ruang tamu. Ujan tu di luar.;69;1454434897532121096;2021-10-30 13:07:56+00:00;Twitter for iPhone;5938;521
72;Apalah arti harta dunia, kalau mati nggak bisa pakai Balenciaga juga. https://t.co/KyvWDiHlOP;93;1454234125016109056;2021-10-29 23:50:08+00:00;Twitter for iPhone;2720;424
73;Selamat pagi pajero-fortuner yang suka totot wiu wiu di jalan.;62;1454227216494067714;2021-10-29 23:22:41+00:00;Twitter for iPhone;9364;1407
74;Gue dan @smartfrenworld selalu siap jadi #TemanBukaPeluangmu di saat apapun. Kalian coba deh ceritain lagi mau biki‚Ä¶ https://t.co/emCz5ns9HB;140;1443517967715614724;2021-09-30 10:07:57+00:00;Twitter for iPhone;127;8
75;Editan @dzakihamadah @anakcantikjkt ini gokil sih.. üòÑ Tolong @smartfrenworld tandain mereka, kasih nomor yang kuota‚Ä¶ https://t.co/bqHGbihie4;140;1443514635311738886;2021-09-30 09:54:42+00:00;Twitter for iPhone;222;5
76;Hampir nggak pernah sadar kalau kuota internet mau abis. Gini nih kalau nikmatin #KuotaSultanHargaTeman, ada yg mau juga?;121;1443507626134827008;2021-09-30 09:26:51+00:00;Twitter for iPhone;109;0
77;"Mau ngumpulin warga yang gajiannya cuma numpang lewat. üëãüèº
Sini sini sandaran, gue temenin kalian meratapi nasib. Ya‚Ä¶ https://t.co/x0w2iX3xdA";140;1443506590284333057;2021-09-30 09:22:44+00:00;Twitter for iPhone;5558;846
78;Buat cewek-cewek yang bingung kenapa cowok-cowok heboh sama MU, biar paham gini deh.. Ngeliat Cristiano Ronaldo kem‚Ä¶ https://t.co/aFCvLzX2Fg;140;1431431816943058944;2021-08-28 01:41:54+00:00;Twitter for iPhone;18317;3759
79;@peacefulgreeny sudah di-dm ya;30;1430569872258322441;2021-08-25 16:36:50+00:00;Twitter for iPhone;88;2
80;@peacefulgreeny mbak, boleh minta nomer hpnya?;46;1430566529536454657;2021-08-25 16:23:33+00:00;Twitter for iPhone;1034;82
81;"Teman yang selalu dibutuhkan: yang kalo abis makan bareng langsung inisiatif bisa ngitungin tagihan tiap orang.

Ka‚Ä¶ https://t.co/iQn11Xfke6";140;1407692836292632576;2021-06-23 13:31:40+00:00;Twitter for iPhone;1969;398
82;Baru tau masih ada orang punya masalah beginian. Padahal ada loh e-wallet yang bisa bikin #BebasDrama biaya admin.. https://t.co/omScXV50QT;139;1407680795322458120;2021-06-23 12:43:49+00:00;Twitter for iPhone;584;47
83;Dengan keyakinan sepenuh hati. tekad bulat sebulat bulan purnama, dan bantuan jawaban dari kalian maka gue putuskan‚Ä¶ https://t.co/sexyKdFxWx;140;1363382049457901570;2021-02-21 06:56:25+00:00;Twitter for iPhone;3777;292
84;Ciri - ciri orang susah move on. https://t.co/yPAHjkRrkt;56;1363335937174896646;2021-02-21 03:53:11+00:00;Twitter for iPhone;1281;63
85;Nah ini! Coba siapa lagi yang #GueJelas160? https://t.co/VuXzFgyO4x;67;1363328680575963138;2021-02-21 03:24:21+00:00;Twitter for iPhone;624;16
86;Ini tuh pertanyaan yang nggak ada di google maupun di galaksi mana pun.. kalau lo sendiri pilih mana 061/160? https://t.co/9U5hwjkciZ;133;1363306322557505542;2021-02-21 01:55:30+00:00;Twitter for iPhone;833;21
87;Bantu pilih, 061/160?;21;1363296670599974913;2021-02-21 01:17:09+00:00;Twitter for iPhone;8509;227
88;Wah kalo mau #MalamJadiExtra, kalian kudu banget pake @smartfrenworld Extra Unlimited Malam Full Speed. Dijamin bik‚Ä¶ https://t.co/NMZeBn0H2w;140;1348238580435484677;2021-01-10 12:01:41+00:00;Twitter for iPhone;164;3
89;Baru cek reply-an ternyata banyak hal yang #UnlimitedBisaSemua kita lakuin di rumah. Apalagi buat team Drakor malem‚Ä¶ https://t.co/VlCrckmQiW;140;1348238253720129539;2021-01-10 12:00:23+00:00;Twitter for iPhone;417;13
90;Hmmm, cukup positif. Boleh juga idenya. https://t.co/l4hMECgZLQ;63;1333007524203642880;2020-11-29 11:18:54+00:00;Twitter for iPhone;560;18
91;Tidak bisa diharapkan. Ngapain dong nih yang asik kalau liburan di rumah aja? https://t.co/8BlrXMCDvu;101;1333007358142791681;2020-11-29 11:18:14+00:00;Twitter for iPhone;697;20
92;Dal-mi kalau cuma mau sama yang tangannya gede, pacaran aja sama Hulk Buster.;77;1332850284406525953;2020-11-29 00:54:05+00:00;Twitter for iPhone;19415;5325
93;Akhir tahun ada libur dua minggu, enaknya ngapain ya? Pengin di rumah aja, tapi ngapain ya? Ada ide?;100;1330084263128084480;2020-11-21 09:42:54+00:00;Twitter for iPhone;3428;105
94;RT @shitlicious: Ya ampun.. pagi ini lumayan kaget liat foto ini viral di instagram. Nggak nyangka temen lama gue yang dulu kalau ketemu su‚Ä¶;140;1316777708785868800;2020-10-15 16:27:24+00:00;Twitter for iPhone;0;2377
95;RT @ardhitoprmn: @Poconggg kangen juga nih;42;1295214410219175937;2020-08-17 04:22:33+00:00;Twitter for iPhone;0;526
96;"[UPDATE] #DanaDaruratUntukMasyarakat

2 hari terkumpul 2 miliar rupiah. Gue dan team sedang berdiskusi untuk pembag‚Ä¶ https://t.co/sdd5B8TTqx";140;1240912037145759750;2020-03-20 08:04:19+00:00;Twitter for iPhone;647;107
97;"[UPDATE] #DanaDaruratUntukMasyarakat

Alhamdulillah belum 24 jam sudah terkumpul sampai 1 Miliar lebih. üôèüèª https://t.co/1MBpCmLqwE";130;1240465165675458561;2020-03-19 02:28:36+00:00;Twitter for iPhone;1195;157
98;@hikmahmays Kalau cocok dengan visi misi penggalangan dana gue, bisa digabungin aja. Ini linknya: https://t.co/cNDTnUqhrP;121;1240302301924831232;2020-03-18 15:41:27+00:00;Twitter for iPhone;27;5
99;@Y0urbabeishere Untuk bencana kayak gini nggak ada potongan sama sekali dari KitaBisa. Potongannya 0%. Semua dana bakal disalurkan.;131;1240291918451372032;2020-03-18 15:00:11+00:00;Twitter for iPhone;7;1
100;@itsmealone03 Nggak ada pemotongan 1% pun. Dana yang terkumpul 100% akan disalurkan dengan transparan, nanti akan a‚Ä¶ https://t.co/ifOsCVQ6oI;140;1240291365583351809;2020-03-18 14:57:59+00:00;Twitter for iPhone;627;66
101;Dana yang terkumpul akan dipakai untuk subsidi silang bagi yang enggak mampu, yaa. Kurang kebih ini penjelasannya: https://t.co/CNc3H2IQkx;138;1240290658373394434;2020-03-18 14:55:11+00:00;Twitter for iPhone;1091;297
102;Alhamdulillah masih banyak orang baik yang peduli. Baru 9 jam udah terkumpul setengah Miliar lebih. Terima kasih, y‚Ä¶ https://t.co/K2NnalCZLS;140;1240289019545575424;2020-03-18 14:48:40+00:00;Twitter for iPhone;9874;2897
103;Astaghfirullah... https://t.co/2JNhQG192Q;41;1235837619117805568;2020-03-06 08:00:23+00:00;Twitter for iPhone;4118;340
104;RT @penguinmesir: semua akan kokoreaan pada waktunya https://t.co/jpZsGyS60Z;76;1234896935783292928;2020-03-03 17:42:27+00:00;Twitter for iPhone;0;15363
105;mau ngumpulin yang nggak malem mingguan. üëãüèº;43;1233760816530366466;2020-02-29 14:27:55+00:00;Twitter for iPhone;24188;2868
106;Harusnya KPAI nggak perlu tergesa2 nyabut statement kemarin. Foto ini bisa jadi sample nyata, kok. üôèüèª https://t.co/OPy0hxtAh5;125;1231749470942924800;2020-02-24 01:15:33+00:00;Twitter for iPhone;18362;3708
107;Yang nggak pakai tembak-tembakan tapi udah langsung panggil sayang-sayangan manaaaaa suaraaaaaanyaaaaaaaa???!!!;111;1228208033072762881;2020-02-14 06:43:08+00:00;Twitter for iPhone;39122;7476
108;"ADA 1 IPHONE 11 BUAT WARGA BUMI! Dari gue dan @oyoindonesia üëåüèº

Caranya:
1. RT ini
2. Download OYO‚Ä¶ https://t.co/aihIODmUPw";123;1222093818389913600;2020-01-28 09:47:26+00:00;Twitter for iPhone;440;165
109;"RT @baekphanter: Ngobrolin Hidup Bareng Keanuagl on YouTube - https://t.co/OOuOwHDkpX

Setiap nonton konten vlog Arief Muhammad yang ngobro‚Ä¶";140;1218056577212485632;2020-01-17 06:24:53+00:00;Twitter for iPhone;0;25
110;RT @wavendaainii: KAN KAN KEJADIAN KANNN ARIEF MUHAMMAD TRENDING BENERAN KANNNNNN @Poconggg https://t.co/Gk9kCfG4Pu https://t.co/cNhyZlZ8lR;139;1213391721779744769;2020-01-04 09:28:24+00:00;Twitter for iPhone;0;16
111;"RT @itsmeshynthia: Arief Muhammad as Pop Ice

-A THREAD! https://t.co/8PxqzXaosn";80;1213082893569818625;2020-01-03 13:01:14+00:00;Twitter for iPhone;0;671
112;Manusia tu pada kenapa si. https://t.co/IGkPKUOAXc;50;1212722490868260864;2020-01-02 13:09:07+00:00;Twitter for iPhone;18997;5932
113;@ridwanhr Pada ngira ini beneran mobil gue. Manusia...;54;1212341357185945600;2020-01-01 11:54:38+00:00;Twitter for iPhone;344;9
114;@nimadelaksmi Terima kasih, yaa. Selamat tahun baru, semoga tahun depan lebih bahagia dari tahun ini. Salam dari Tipang. ‚ù§Ô∏è;123;1212037761122877440;2019-12-31 15:48:15+00:00;Twitter for iPhone;393;13
115;Gue punya beneran dong, ini... https://t.co/lfPbfBx3tu;54;1202974071329214465;2019-12-06 15:32:23+00:00;Twitter for iPhone;4421;805
116;RT @indrabisman: @Poconggg Bawa ini auto banyak temen https://t.co/abzKOzmeFp;77;1202971222507577345;2019-12-06 15:21:04+00:00;Twitter for iPhone;0;2404
117;RT @hilmanfazz: @Poconggg Aku pas SD bawa tas yg ada rodanya jd bisa jd koper gitu disangka anak pilot :(;105;1202970705794494464;2019-12-06 15:19:01+00:00;Twitter for iPhone;0;458
118;RT @zdnyfrhn_: @Poconggg Gua dulu biar dikira kaya, ke sekolah cukup punya rautan ini udh di bilang cucu mentri. https://t.co/DyGkRKJBWc;136;1202970583492751361;2019-12-06 15:18:31+00:00;Twitter for iPhone;0;1346
119;Kasian ya anak-anak sekarang, kalau mau dikira kaya harus pamer2 liburan fancy dulu. Kita mah dulu cukup bawa bekel‚Ä¶ https://t.co/H3h6yFK6bR;140;1202969443212521473;2019-12-06 15:14:00+00:00;Twitter for iPhone;35458;12583
120;Selamat pagi pasangan yang udah ribet diskusi nama anak, padahal baru jadian 3 hari. üôèüèª;87;1202742274108444672;2019-12-06 00:11:18+00:00;Twitter for iPhone;17465;2449
121;Terima kasih, Tipang. Terima kasih, Semuanya. üôåüèº;48;1201112685636542464;2019-12-01 12:15:54+00:00;Twitter for iPhone;24992;3955
122;@aMrazing @PureNewZealand Imutnyaaaaa... pengin gampar.;55;1199119445240639488;2019-11-26 00:15:28+00:00;Twitter for iPhone;68;2
123;#CumaCowokYangPaham https://t.co/2QMC7QvlhD;43;1198948006076153856;2019-11-25 12:54:14+00:00;Twitter for iPhone;1246;170
124;"Maksudnya pengin traveling tapi jauh, kan? #PositiveThinking
#CumaCowokYangPaham https://t.co/gYD3jSdZCC";104;1198917136812404736;2019-11-25 10:51:34+00:00;Twitter for iPhone;505;30
125;#CumaCowokYangPaham https://t.co/aB7J9s78rk;43;1198914641465708544;2019-11-25 10:41:39+00:00;Twitter for iPhone;487;33
126;"‚ÄúBisa, nggak?‚Äù
#ObrolanLelaki
#CumaCowokYangPaham";49;1198914237361377282;2019-11-25 10:40:03+00:00;Twitter for iPhone;3881;568
127;#NowPlaying https://t.co/DpcMKw8Zwc;35;1198331572539150336;2019-11-23 20:04:45+00:00;Twitter for iPhone;920;64
128;Udah, taro hpnya. Tidur.;24;1198328599415156736;2019-11-23 19:52:56+00:00;Twitter for iPhone;11588;2030
129;Selamat pagi manusia yang sering diomelin karna abis mandi handuknya nggak langsung dijemur, main lempar ke kasur g‚Ä¶ https://t.co/UPqt2cynTs;140;1198020141511872512;2019-11-22 23:27:14+00:00;Twitter for iPhone;21014;5149
130;Mau mutualan? https://t.co/UiLMIctkYc;37;1197835649052622848;2019-11-22 11:14:08+00:00;Twitter for iPhone;1701;140
131;Selamat malam, manusia yang selalu bingung lihat kehidupan orang lain. Kok lempeng-lempeng aja, happy-happy aja.. J‚Ä¶ https://t.co/rV1sC1Igzp;140;1197835380524863489;2019-11-22 11:13:04+00:00;Twitter for iPhone;9200;3346
132;Kalau diajak makan siang bareng mending ikut aja. Daripada jadi bahan ghibah temen2 yang lagi makan. üôèüèª;103;1197756248709455874;2019-11-22 05:58:37+00:00;Twitter for iPhone;19137;5426
133;Selamat pagi, orang yang selalu jadi tempat curhat, tapi sendirinya bingung kalau ada apa2 mesti cerita ke siapa. S‚Ä¶ https://t.co/mDkm6fXd1D;140;1197660594150592512;2019-11-21 23:38:31+00:00;Twitter for iPhone;29650;13234
134;Selamat siang cewek yang udah dibela-belain anter pulang pegangannya malah di besi belakang jok motor. Jangan lupa‚Ä¶ https://t.co/0I3HrKqHrf;139;1197392089887100928;2019-11-21 05:51:35+00:00;Twitter for iPhone;10418;1762
135;Selamat pagi, anak orang kaya yang masih bingung mending nerusin usaha orang tua apa ngerintis sendiri aja. Semangat nyari jati dirinya. üôèüèª;139;1197306477859368960;2019-11-21 00:11:23+00:00;Twitter for iPhone;13579;2174
136;"Ada yang mau saldo digital 200rb nggak? Buat 5 orang nih, jadi totalnya 1jt.

Caranya:
-RT &amp; Like tweet ini
-Daftar‚Ä¶ https://t.co/tUB4SEqFcK";144;1197138380305264640;2019-11-20 13:03:26+00:00;Twitter for iPhone;573;187
137;RT @Audrianelvino: @Poconggg Saya baru coba sekali dan puas, puasa makan sebulan;80;1197066681291427840;2019-11-20 08:18:31+00:00;Twitter for iPhone;0;14
138;Selamat siang, kaum PayLater. Semangat kerjanya yaa, jangan sampai sakit. Nanti makin ribet bayar cicilan bulan kemarin. üôèüèª;123;1197035015713869825;2019-11-20 06:12:42+00:00;Twitter for iPhone;4547;912
139;Selamat pagi, kaum pay later. Semangat kerjanya yaa, cicilan bulan lalu belum lunas. üôèüèª;87;1196960264416980993;2019-11-20 01:15:40+00:00;Twitter for iPhone;10940;2165
140;#NewProfilePic https://t.co/qAPCEOcMYd;38;1196791204890828800;2019-11-19 14:03:53+00:00;Twitter for iPhone;4557;377
141;Dan yang paling gue suka di New Zealand itu kalau lagi pindah-pindah kota, pemandangan di kanan kirinya asik banget‚Ä¶ https://t.co/7fyCmCFhuk;140;1196790504018432005;2019-11-19 14:01:06+00:00;Twitter for iPhone;1581;217
142;Beneran sebagus itu. Udaranya adem, pemandangannya juga indah banget. Pasnya sambil makan mie instan sih ini yaa, b‚Ä¶ https://t.co/FbMMdxB2Tx;140;1196789954082304000;2019-11-19 13:58:54+00:00;Twitter for iPhone;1709;129
143;Throwback sedikit trip ke New Zealand beberapa minggu yang lalu. Bagus banget ya NZ. #NZMustDo https://t.co/LK55nkh5Hh;118;1196789266019303424;2019-11-19 13:56:10+00:00;Twitter for iPhone;1753;156
144;Kalian pacaran lama karna beneran sayang, atau sayang aja gitu putus karna pacarannya udah lama?;96;1189090478420979712;2019-10-29 08:03:56+00:00;Twitter for iPhone;15216;3446
145;Ada nggak sih cewek yg kalau pakai maskara nggak mangap?;56;1189068563631362049;2019-10-29 06:36:52+00:00;Twitter for iPhone;13545;1809
146;Sobat K-Pop, dapet tantangan #1Everyday nih dari @tokopedia buat menangin trip ke Korea. Ada hadiah lainnya juga ka‚Ä¶ https://t.co/37dSS7QWVM;140;1187735284739272704;2019-10-25 14:18:53+00:00;Twitter for iPhone;378;22
147;Selamat pagi. Jangan lupa bersyukur hari ini.;45;1184300752941940736;2019-10-16 02:51:17+00:00;Twitter for iPhone;10354;2733
148;@wiiilde911 @aMrazing @Ciel_duke @agannyi @jesswjk @MrsEuscha @GiaPratamaMD @ivanlanin Mau dijul brp;100;1182202133665308672;2019-10-10 07:52:07+00:00;Twitter for iPhone;74;2
149;Tontonan malam ini: https://t.co/Anc1fjYwC9;43;1181608008620462080;2019-10-08 16:31:17+00:00;Twitter for iPhone;629;17
150;RT @suaradotcom: Man United Terpuruk, Arief Muhammad: Masih Main di Liga Inggris? https://t.co/Nt3HUKmYGW;105;1181401013619572736;2019-10-08 02:48:45+00:00;Twitter for iPhone;0;70
151;Dari kemarin gue liat rame-rame di twitter ngomongin billboard @tokopedia, ternyata ini toh #TokopediaxBTS. Gue yak‚Ä¶ https://t.co/NxYs9Pelyt;140;1181209231816445952;2019-10-07 14:06:41+00:00;Twitter for iPhone;7979;1644
152;Teman-teman.. maaf mau nanya. üôèüèª udah lama nggak nonton premier league. MU itu masih diajak nggak sih? Apa udah pin‚Ä¶ https://t.co/c0nDaMZeNd;140;1181037501646946304;2019-10-07 02:44:17+00:00;Twitter for iPhone;15477;9533
153;RT @welovehonda: Bikers Parade di #IndonesiaCBRRaceDay Seri-2 2019 PETJAHH! Ada Bro @ariefmuhammad dan @mbahsattar yang gabung bareng ratus‚Ä¶;140;1178312784812969984;2019-09-29 14:17:14+00:00;Twitter for iPhone;0;31
154;RT @welovehonda: Banyak momen seru di #IndonesiaCBRRaceDay hari ini, Brosis! Ada Bro @ariefmuhammad yang sempet ketemu sama pebalap Astra H‚Ä¶;140;1178312724859637760;2019-09-29 14:17:00+00:00;Twitter for iPhone;0;17
155;"#BikinJadiEpic itu.. bisa kabur dari parkiran sebelum tukang parkir muncul.

Kalau kalian gimana?";97;1177886545832898561;2019-09-28 10:03:31+00:00;Twitter for iPhone;6304;792
156;Berita paling penting minggu ini..;34;1174929408504713216;2019-09-20 06:12:54+00:00;Twitter for iPhone;7104;336
157;RT @merdekadotcom: Anya Geraldine Foto Pakai Bikini di Pantai, Arief Muhammad Beri Peringatan https://t.co/b0YzfYVwsC;117;1174929247015563265;2019-09-20 06:12:16+00:00;Twitter for iPhone;0;67
158;Ada special invitation #WOWconcert buat Byulharang dan ATINY nih, tapi kalian ikutan #WOWposeChallenge dulu ya. Car‚Ä¶ https://t.co/M9Gpe1MuxH;140;1169487586944901120;2019-09-05 05:49:03+00:00;Twitter for iPhone;329;12
159;Denger2 bakal ada konser WOW banget dari @smartfrenworld yg akan ngundang @Nikizefanya, @Ateez_official_, Chung Ha‚Ä¶ https://t.co/MBchNplkm6;139;1168834078281351168;2019-09-03 10:32:14+00:00;Twitter for iPhone;1198;74
160;Kok mirip.. https://t.co/yZwrR8QKYe;35;1168333481006419970;2019-09-02 01:23:03+00:00;Twitter for iPhone;1216;40
161;@Iedwal_Nh üôåüèº;13;1167606396633808897;2019-08-31 01:13:52+00:00;Twitter for iPhone;158;6
162;@Muhakbar_p @MalaikatGL @radenrauf Iya, Mas. Pelajaran banget. Bukan salah orang atau team saya, tapi salah saya se‚Ä¶ https://t.co/3TXQMCkJhc;140;1167579232299470849;2019-08-30 23:25:56+00:00;Twitter for iPhone;46;2
163;@MalaikatGL @radenrauf Ya Allah.. kecolongan. Aku udah bbrp hari gabuka twitter. Kemarin udah ingetin team untuk pa‚Ä¶ https://t.co/yD5lxkXyf9;140;1167576521764003840;2019-08-30 23:15:09+00:00;Twitter for iPhone;80;21
164;@penyemir Terima kasih, mas. üôåüèº;31;1167559161460051968;2019-08-30 22:06:10+00:00;Twitter for iPhone;426;19
165;üòÆüòÆ https://t.co/YwGCcRxy5O;26;1165490235448283136;2019-08-25 05:05:00+00:00;Twitter for iPhone;1372;44
166;Tidak perlu terlalu melebih-lebihkan konsep brunch. Anak kost udah ngebrunch jauh sebelum ada istilah brunch.;109;1164751903449726976;2019-08-23 04:11:08+00:00;Twitter for iPhone;11804;4433
167;Selamat pagi teman-teman yang sedang berjuang. Selamat kerja, yaa. Semangat terus! Sampai alasan kamu ganti passpor‚Ä¶ https://t.co/uPeL4ozGqs;140;1163983678818549760;2019-08-21 01:18:29+00:00;Twitter for iPhone;16281;7588
168;Perasaan gue doang apa emang kucing-kucing jaman sekarang takut sama tikus, ya?;79;1163797030155608065;2019-08-20 12:56:48+00:00;Twitter for iPhone;10568;1541
169;RT @rismaaruth: The best sih ini nasehatnya @Poconggg üëåüèªüëåüèªüëåüèª https://t.co/0R5LTs9v8G;84;1163796912077594624;2019-08-20 12:56:20+00:00;Twitter for iPhone;0;5250
170;"Kira-kira lebih mustahil mana:
a) Manusia tinggal di Mars
b) Anak OSIS dicintai teman-temannya?";95;1160701776980353024;2019-08-11 23:57:23+00:00;Twitter for iPhone;20779;2984
171;Waterlymon tuh ceritanya sprite atau emang limited editionnya sprite sih? Ada yang pernah coba? https://t.co/xpU5yDTHv5;119;1157200042664448001;2019-08-02 08:02:44+00:00;Twitter for iPhone;7869;584
172;Assalamualaikum, warga Twitter.. lagi ada apa nih yang lucu-lucu?;65;1156758217378033666;2019-08-01 02:47:05+00:00;Twitter for iPhone;19241;2324
173;"Menurut kalian #eskrimdimakan atau #eskrimdiminum sih?

Sepertinya ini masalah hidup yang harus kita pecahkan bersama.";118;1155706309674561536;2019-07-29 05:07:10+00:00;Twitter for iPhone;11528;1683
174;RT @wasilrudi: Nominasi 2 Motivator terbaik Indonesia @marioteguh  @Poconggg https://t.co/5ZHluMOoHS;100;1154730139843887104;2019-07-26 12:28:13+00:00;Twitter for iPhone;0;554
175;Makasih. https://t.co/nzNgBPvEaG;32;1154723851026046976;2019-07-26 12:03:14+00:00;Twitter for iPhone;4038;1308
176;Keren.. https://t.co/uMaDbOsw3g;31;1150774968541519872;2019-07-15 14:31:47+00:00;Twitter for iPhone;2992;371
177;Halah, paling cuman minjem itu. https://t.co/eLL6RPij3b;55;1150592010824273920;2019-07-15 02:24:47+00:00;Twitter for iPhone;3622;220
178;Intip dikit aja ya? https://t.co/VsVicoHBi5;43;1150057866037907456;2019-07-13 15:02:16+00:00;Twitter for iPhone;1567;52
179;#NewProfilePic https://t.co/7blevLUoD8;38;1150057420116283397;2019-07-13 15:00:30+00:00;Twitter for iPhone;14899;2500
180;Siapa itu? Sombong bener. https://t.co/scYMZzldwx;49;1148618110624157700;2019-07-09 15:41:12+00:00;Twitter for iPhone;3477;314
181;Masih ada nggak sih di dunia ini ibuk-ibuk yg kalau belanja di alfamart nggak misuh2 ngomel bandingin harga sama In‚Ä¶ https://t.co/BF9f4BkIaE;140;1145893108489412609;2019-07-02 03:13:01+00:00;Twitter for iPhone;9829;1057
182;Sok-sok ngomongin skincare.. ke indomaret aja sengaja naik motor berdua, yang 1 jagain duduk di motor biar nggak bayar parkir.;126;1145890329213558784;2019-07-02 03:01:58+00:00;Twitter for iPhone;10933;3277
183;Cewek: liat orang lain pamer kekayaan biasa aja. Liat cewek cantik pamer bare face.... pusing minder insecure kehilangan semangat hidup.;136;1145888573305978880;2019-07-02 02:55:00+00:00;Twitter for iPhone;19953;8668
184;Ngetweet random doang eh langsung jadi trending nomor 1.. https://t.co/VdVzRhiE0o;81;1145683655903199237;2019-07-01 13:20:43+00:00;Twitter for iPhone;3853;178
185;@inthepasttt @ACEIndonesia Ace hardware pelit.;46;1145662733288763392;2019-07-01 11:57:35+00:00;Twitter for iPhone;43;1
186;Enaknya jadi orang terkenal, tiap ditanya tips sukses tinggal jawab ikutin-passion, kerja-keras, atau jangan-cepat-‚Ä¶ https://t.co/jVvxLpDNkt;140;1145661520765829120;2019-07-01 11:52:46+00:00;Twitter for iPhone;9089;2684
187;Foto sebelum makan lebih penting dari makan. Ngerti?;52;1145509204767039488;2019-07-01 01:47:31+00:00;Twitter for iPhone;15182;2627
188;Cowok mah dikasih Ace Hardware aja di surga udah seneng. https://t.co/hWR4cMjZoD;80;1144551459939209217;2019-06-28 10:21:47+00:00;Twitter for iPhone;2577;239
189;Bayangan surga menurut umat beragama: kampung yang tenang, dengan sungai yang airnya mengalir indah.. binatang2 ber‚Ä¶ https://t.co/EsWVbQoZaZ;140;1144551024310419457;2019-06-28 10:20:03+00:00;Twitter for iPhone;22513;6925
190;Lebih cepu mana, anak OSIS yang caper sama guru atau adik kecil yang caper sama ibu?;84;1144209217982570498;2019-06-27 11:41:50+00:00;Twitter for iPhone;14719;1618
191;...mau foto gaya apapun tetep aja akan ada manusia rese yang minta ulang gaya bebas dan minta tambah pakai boomerang. Tuman..;125;1144114737728200704;2019-06-27 05:26:24+00:00;Twitter for iPhone;23214;8272
192;Alhamdulillah... selesai juga urusan PEMILU.. sekarang udah bisa bebas lagi foto pakai jari peace atau jempol ala o‚Ä¶ https://t.co/wkso3Udy3S;140;1144113769057886208;2019-06-27 05:22:33+00:00;Twitter for iPhone;8383;2428
193;Mustahil ada yang baca tweet barusan nggak nyambung dalam hati. Mustahil..;74;1144046476038823936;2019-06-27 00:55:09+00:00;Twitter for iPhone;4649;239
