;textDisplay;sentimen;step01;tokens;tokens_perbaikan;Stop_removal;step02;ProcessedText
0;Sebentar lagi saya mendapatkan y;1.0;sebentar lagi saya mendapatkan;['sebentar', 'lagi', 'saya', 'mendapatkan'];['sebentar', 'lagi', 'saya', 'mendapatkan'];['sebentar'];sebentar;sebentar
1;bismillah mudah2an undian poin indosat dpt hadiah mobil ini.klo dapat mau saya jual buat bikin kontrakan .aamiin;1.0;bismillah mudah2an undian poin indosat dpt hadiah mobil ini klo dapat mau saya jual buat bikin kontrakan aamiin;['bismillah', 'mudah2an', 'undian', 'poin', 'indosat', 'dpt', 'hadiah', 'mobil', 'ini', 'klo', 'dapat', 'mau', 'saya', 'jual', 'buat', 'bikin', 'kontrakan', 'aamiin'];['bismillah', 'mudah2an', 'undian', 'poin', 'indosat', 'dapat ', 'hadiah', 'mobil', 'ini', 'kalau', 'dapat', 'mau', 'saya', 'jual', 'buat', 'membuat', 'kontrakan', 'semoga'];['bismillah', 'mudah2an', 'undian', 'poin', 'indosat', 'dapat ', 'hadiah', 'mobil', 'jual', 'kontrakan', 'semoga'];bismillah mudah2an undian poin indosat dapat  hadiah mobil jual kontrakan semoga;bismillah mudah2an undi poin indosat dapat hadiah mobil jual kontra moga
2;TAU MINECRAFT :V;1.0;allcaps tau minecraft allcaps;['allcaps', 'tau', 'minecraft', 'allcaps'];['allcaps', 'tau', 'minecraft', 'allcaps'];['allcaps', 'tau', 'minecraft', 'allcaps'];allcaps tau minecraft allcaps;allcaps tau minecraft allcaps
3;Mau Tanya Mas. Ada ga mobil listrik yg bisa ngecas sendiri tanpa ngecas di rmh atau di Shell. Misalnya dr putaran roda atau rem gitu.;0.0;mau tanya mas ada ga mobil listrik yg bisa ngecas sendiri tanpa ngecas di rmh atau di shell misalnya dr putaran roda atau rem gitu;['mau', 'tanya', 'mas', 'ada', 'ga', 'mobil', 'listrik', 'yg', 'bisa', 'ngecas', 'sendiri', 'tanpa', 'ngecas', 'di', 'rmh', 'atau', 'di', 'shell', 'misalnya', 'dr', 'putaran', 'roda', 'atau', 'rem', 'gitu'];['mau', 'tanya', 'mas', 'ada', 'tidak', 'mobil', 'listrik', 'yang', 'bisa', 'ngecas', 'sendiri', 'tanpa', 'ngecas', 'di', 'rumah', 'atau', 'di', 'shell', 'misalnya', 'dari', 'putaran', 'roda', 'atau', 'rem', 'gitu'];['mas', 'mobil', 'listrik', 'ngecas', 'ngecas', 'rumah', 'shell', 'putaran', 'roda', 'rem', 'gitu'];mas mobil listrik ngecas ngecas rumah shell putaran roda rem gitu;mas mobil listrik ngecas ngecas rumah shell putar roda rem gitu
4;bisa ga ya Head unit Stargazer di upgrade ke head unit Ioniq5 ini?;0.0;bisa ga ya head unit stargazer di upgrade ke head unit ioniq5 ini;['bisa', 'ga', 'ya', 'head', 'unit', 'stargazer', 'di', 'upgrade', 'ke', 'head', 'unit', 'ioniq5', 'ini'];['bisa', 'tidak', 'iya', 'head', 'unit', 'stargazer', 'di', 'upgrade', 'ke', 'head', 'unit', 'ioniq5', 'ini'];['iya', 'head', 'unit', 'stargazer', 'upgrade', 'head', 'unit', 'ioniq5'];iya head unit stargazer upgrade head unit ioniq5;iya head unit stargazer upgrade head unit ioniq5
5;berapa tahun sekali ganti baterai ? dan brp harganya ?;0.0;berapa tahun sekali ganti baterai dan brp harganya;['berapa', 'tahun', 'sekali', 'ganti', 'baterai', 'dan', 'brp', 'harganya'];['berapa', 'tahun', 'sekali', 'ganti', 'baterai', 'dan', 'brp', 'harganya'];['ganti', 'baterai', 'brp', 'harganya'];ganti baterai brp harganya;ganti baterai brp harga
6;Ada garansi batere? Brp harga battery replacement? Masa pakai batere brp lama? Spt batere hp kl sdh dipakai 3-4 thn daya simpan casnya lunayan berkurang;0.0;ada garansi batere brp harga battery replacement masa pakai batere brp lama spt batere hp kl sdh dipakai number number thn daya simpan casnya lunayan berkurang;['ada', 'garansi', 'batere', 'brp', 'harga', 'battery', 'replacement', 'masa', 'pakai', 'batere', 'brp', 'lama', 'spt', 'batere', 'hp', 'kl', 'sdh', 'dipakai', 'number', 'number', 'thn', 'daya', 'simpan', 'casnya', 'lunayan', 'berkurang'];['ada', 'garansi', 'batere', 'brp', 'harga', 'battery', 'replacement', 'masa', 'pakai', 'batere', 'brp', 'lama', 'seperti', 'batere', 'hp', 'kalau', 'sudah', 'dipakai', 'number', 'number', 'tahun', 'daya', 'simpan', 'casnya', 'lunayan', 'berkurang'];['garansi', 'batere', 'brp', 'harga', 'battery', 'replacement', 'pakai', 'batere', 'brp', 'batere', 'hp', 'dipakai', 'number', 'number', 'daya', 'simpan', 'casnya', 'lunayan', 'berkurang'];garansi batere brp harga battery replacement pakai batere brp batere hp dipakai number number daya simpan casnya lunayan berkurang;garansi batere brp harga battery replacement pakai batere brp batere hp pakai number number daya simpan cas lunayan kurang
7;Itu mobil listri.. terus tiang listrik nya dimana ya..;-1.0;itu mobil listri repeated terus tiang listrik nya dimana ya repeated;['itu', 'mobil', 'listri', 'repeated', 'terus', 'tiang', 'listrik', 'nya', 'dimana', 'ya', 'repeated'];['itu', 'mobil', 'listri', 'repeated', 'terus', 'tiang', 'listrik', 'nya', 'dimana', 'iya', 'repeated'];['mobil', 'listri', 'repeated', 'tiang', 'listrik', 'nya', 'dimana', 'iya', 'repeated'];mobil listri repeated tiang listrik nya dimana iya repeated;mobil listri repeated tiang listrik nya mana iya repeated
8;Seandai ya mobil ESMK sperti ini di kembangkan dan izin dipermudah..;1.0;seandai ya mobil allcaps esmk allcaps sperti ini di kembangkan dan izin dipermudah repeated;['seandai', 'ya', 'mobil', 'allcaps', 'esmk', 'allcaps', 'sperti', 'ini', 'di', 'kembangkan', 'dan', 'izin', 'dipermudah', 'repeated'];['seandai', 'iya', 'mobil', 'allcaps', 'esmk', 'allcaps', 'sperti', 'ini', 'di', 'kembangkan', 'dan', 'izin', 'dipermudah', 'repeated'];['seandai', 'iya', 'mobil', 'allcaps', 'esmk', 'allcaps', 'sperti', 'kembangkan', 'izin', 'dipermudah', 'repeated'];seandai iya mobil allcaps esmk allcaps sperti kembangkan izin dipermudah repeated;anda iya mobil allcaps esmk allcaps sperti kembang izin mudah repeated
9;mobil idaman banget ini;1.0;mobil idaman banget ini;['mobil', 'idaman', 'banget', 'ini'];['mobil', 'idaman', 'banget', 'ini'];['mobil', 'idaman', 'banget'];mobil idaman banget;mobil idam banget
10;Harga berapa dan dealer daerah Jakarta dimananya;0.0;harga berapa dan dealer daerah jakarta dimananya;['harga', 'berapa', 'dan', 'dealer', 'daerah', 'jakarta', 'dimananya'];['harga', 'berapa', 'dan', 'dealer', 'daerah', 'jakarta', 'dimananya'];['harga', 'dealer', 'daerah', 'jakarta', 'dimananya'];harga dealer daerah jakarta dimananya;harga dealer daerah jakarta mana
11;DeLorean versi PaHe;-1.0;delorean versi pahe;['delorean', 'versi', 'pahe'];['delorean', 'versi', 'pahe'];['delorean', 'versi', 'pahe'];delorean versi pahe;delorean versi pahe
12;masih pake USB type A? cigar lighter masih ada kah?;0.0;masih pake allcaps usb allcaps type cigar lighter masih ada kah;['masih', 'pake', 'allcaps', 'usb', 'allcaps', 'type', 'cigar', 'lighter', 'masih', 'ada', 'kah'];['masih', 'pakai', 'allcaps', 'usb', 'allcaps', 'type', 'cigar', 'lighter', 'masih', 'ada', 'kah'];['pakai', 'allcaps', 'usb', 'allcaps', 'type', 'cigar', 'lighter', 'kah'];pakai allcaps usb allcaps type cigar lighter kah;pakai allcaps usb allcaps type cigar lighter kah
13;Teknologinya jauh beda bos;-1.0;teknologinya jauh beda bos;['teknologinya', 'jauh', 'beda', 'bos'];['teknologinya', 'jauh', 'beda', 'bos'];['teknologinya', 'beda', 'bos'];teknologinya beda bos;teknologi beda bos
14;om mobil listri bisa di bawa naik jalan pegunungan ga ya ?;0.0;om mobil listri bisa di bawa naik jalan pegunungan ga ya;['om', 'mobil', 'listri', 'bisa', 'di', 'bawa', 'naik', 'jalan', 'pegunungan', 'ga', 'ya'];['om', 'mobil', 'listri', 'bisa', 'di', 'bawa', 'naik', 'jalan', 'pegunungan', 'tidak', 'iya'];['om', 'mobil', 'listri', 'bawa', 'jalan', 'pegunungan', 'iya'];om mobil listri bawa jalan pegunungan iya;om mobil listri bawa jalan gunung iya
15;Kalau baterainya rusak gimana ya ğŸ¤”;0.0;kalau baterainya rusak gimana ya;['kalau', 'baterainya', 'rusak', 'gimana', 'ya'];['kalau', 'baterainya', 'rusak', 'bagaimana', 'iya'];['baterainya', 'rusak', 'iya'];baterainya rusak iya;baterai rusak iya
16;Sekarang aja ioniq 5 bisa di charge cuma 18 menit doang<br>10 tahun kemudian teknologi BEV semakin canggih lagi bisa makin ngebut chargenya;1.0;sekarang aja ioniq number bisa di charge cuma number menit doang br number tahun kemudian teknologi allcaps bev allcaps semakin canggih lagi bisa makin ngebut chargenya;['sekarang', 'aja', 'ioniq', 'number', 'bisa', 'di', 'charge', 'cuma', 'number', 'menit', 'doang', 'br', 'number', 'tahun', 'kemudian', 'teknologi', 'allcaps', 'bev', 'allcaps', 'semakin', 'canggih', 'lagi', 'bisa', 'makin', 'ngebut', 'chargenya'];['sekarang', 'saja', 'ioniq', 'number', 'bisa', 'di', 'charge', 'cuma', 'number', 'menit', 'saja', 'br', 'number', 'tahun', 'kemudian', 'teknologi', 'allcaps', 'bev', 'allcaps', 'semakin', 'canggih', 'lagi', 'bisa', 'makin', 'ngebut', 'chargenya'];['ioniq', 'number', 'charge', 'number', 'menit', 'br', 'number', 'teknologi', 'allcaps', 'bev', 'allcaps', 'canggih', 'ngebut', 'chargenya'];ioniq number charge number menit br number teknologi allcaps bev allcaps canggih ngebut chargenya;ioniq number charge number menit br number teknologi allcaps bev allcaps canggih ngebut chargenya
17;Kalo banyak yg pake mobil listrik pasti PLN menaikkan harga listriknya bosku;-1.0;kalo banyak yg pake mobil listrik pasti allcaps pln allcaps menaikkan harga listriknya bosku;['kalo', 'banyak', 'yg', 'pake', 'mobil', 'listrik', 'pasti', 'allcaps', 'pln', 'allcaps', 'menaikkan', 'harga', 'listriknya', 'bosku'];['kalau', 'banyak', 'yang', 'pakai', 'mobil', 'listrik', 'pasti', 'allcaps', 'pln', 'allcaps', 'menaikkan', 'harga', 'listriknya', 'bosku'];['pakai', 'mobil', 'listrik', 'allcaps', 'pln', 'allcaps', 'menaikkan', 'harga', 'listriknya', 'bosku'];pakai mobil listrik allcaps pln allcaps menaikkan harga listriknya bosku;pakai mobil listrik allcaps pln allcaps naik harga listrik bos
18;Kalau rumah cuma 1500W gimana om?;0.0;kalau rumah cuma 1 5 0 0 gimana om;['kalau', 'rumah', 'cuma', '1', '5', '0', '0', 'gimana', 'om'];['kalau', 'rumah', 'cuma', '1', '5', '0', '0', 'bagaimana', 'om'];['rumah', '1', '5', '0', '0', 'om'];rumah 1 5 0 0 om;rumah 1 5 0 0 om
19;Bikin sambungan baru aja;0.0;bikin sambungan baru aja;['bikin', 'sambungan', 'baru', 'aja'];['membuat', 'sambungan', 'baru', 'saja'];['sambungan'];sambungan;sambung
20;Pickup tenaga listrik sudah ada blm bang fitra ğŸ˜;0.0;pickup tenaga listrik sudah ada blm bang fitra;['pickup', 'tenaga', 'listrik', 'sudah', 'ada', 'blm', 'bang', 'fitra'];['pickup', 'tenaga', 'listrik', 'sudah', 'ada', 'belum', 'bang', 'fitra'];['pickup', 'tenaga', 'listrik', 'bang', 'fitra'];pickup tenaga listrik bang fitra;pickup tenaga listrik bang fitra
21;Pantes laris. <br>Udah harganya menarik+penggerak roda belakangğŸ˜;1.0;pantes laris br udah harganya menarik penggerak roda belakang;['pantes', 'laris', 'br', 'udah', 'harganya', 'menarik', 'penggerak', 'roda', 'belakang'];['pantas', 'laris', 'br', 'sudah', 'harganya', 'menarik', 'penggerak', 'roda', 'belakang'];['laris', 'br', 'harganya', 'menarik', 'penggerak', 'roda'];laris br harganya menarik penggerak roda;laris br harga tarik gerak roda
22;Berharap ada opsi 7 kursi seperti Tesla model X;1.0;berharap ada opsi number kursi seperti tesla model;['berharap', 'ada', 'opsi', 'number', 'kursi', 'seperti', 'tesla', 'model'];['berharap', 'ada', 'opsi', 'number', 'kursi', 'seperti', 'tesla', 'model'];['berharap', 'opsi', 'number', 'kursi', 'tesla', 'model'];berharap opsi number kursi tesla model;harap opsi number kursi tesla model
23;Mobile g20;1.0;mobile g20;['mobile', 'g20'];['mobile', 'g20'];['mobile', 'g20'];mobile g20;mobile g20
24;Kaya mobil knight rider teruss fungsional bgd kalah Toyota;1.0;kaya mobil knight rider teruss fungsional bgd kalah toyota;['kaya', 'mobil', 'knight', 'rider', 'teruss', 'fungsional', 'bgd', 'kalah', 'toyota'];['kaya', 'mobil', 'knight', 'rider', 'terus', 'fungsional', 'bgd', 'kalah', 'toyota'];['kaya', 'mobil', 'knight', 'rider', 'fungsional', 'bgd', 'kalah', 'toyota'];kaya mobil knight rider fungsional bgd kalah toyota;kaya mobil knight rider fungsional bgd kalah toyota
25;Mobil ini emg keren bgt .. tpi Setelah dipikir pikir mendingan saya beli wuling air ev ğŸ˜­ğŸ˜­ğŸ˜­;-1.0;mobil ini emg keren bgt repeated tpi setelah dipikir pikir mendingan saya beli wuling air ev;['mobil', 'ini', 'emg', 'keren', 'bgt', 'repeated', 'tpi', 'setelah', 'dipikir', 'pikir', 'mendingan', 'saya', 'beli', 'wuling', 'air', 'ev'];['mobil', 'ini', 'memang', 'keren', 'banget', 'repeated', 'tapi', 'setelah', 'dipikir', 'pikir', 'baiknya', 'saya', 'beli', 'wuling', 'air', 'ev'];['mobil', 'keren', 'banget', 'repeated', 'dipikir', 'pikir', 'baiknya', 'beli', 'wuling', 'air', 'ev'];mobil keren banget repeated dipikir pikir baiknya beli wuling air ev;mobil keren banget repeated pikir pikir baik beli wuling air ev
27;Duit mu akeh juga om ğŸ˜€;0.0;duit mu akeh juga om;['duit', 'mu', 'akeh', 'juga', 'om'];['duit', 'mu', 'akeh', 'juga', 'om'];['duit', 'mu', 'akeh', 'om'];duit mu akeh om;duit mu akeh om
28;Harga Unit 400jt<br>Harga Batrey nya 450jt<br><br>Bagaimana Nasibnya<br>Klo TERKENA BANJiR<br>atau..<br>TERGENANG AiR ???<br><br>A. Jadi BANGKAi<br>B. BeLi Accu baru<br>C. Jual Kiloan<br>D. Rongsokan<br>E. Sampah;-1.0;harga unit 4 0 0 jt br harga batrey nya 4 5 0 jt br br bagaimana nasibnya br klo allcaps terkena allcaps banjir br atau repeated br allcaps tergenang allcaps air repeated br br jadi bangkai br beli accu baru br jual kiloan br rongsokan br sampah;['harga', 'unit', '4', '0', '0', 'jt', 'br', 'harga', 'batrey', 'nya', '4', '5', '0', 'jt', 'br', 'br', 'bagaimana', 'nasibnya', 'br', 'klo', 'allcaps', 'terkena', 'allcaps', 'banjir', 'br', 'atau', 'repeated', 'br', 'allcaps', 'tergenang', 'allcaps', 'air', 'repeated', 'br', 'br', 'jadi', 'bangkai', 'br', 'beli', 'accu', 'baru', 'br', 'jual', 'kiloan', 'br', 'rongsokan', 'br', 'sampah'];['harga', 'unit', '4', '0', '0', 'jt', 'br', 'harga', 'batrey', 'nya', '4', '5', '0', 'jt', 'br', 'br', 'bagaimana', 'nasibnya', 'br', 'kalau', 'allcaps', 'terkena', 'allcaps', 'banjir', 'br', 'atau', 'repeated', 'br', 'allcaps', 'tergenang', 'allcaps', 'air', 'repeated', 'br', 'br', 'jadi', 'bangkai', 'br', 'beli', 'accu', 'baru', 'br', 'jual', 'kiloan', 'br', 'rongsokan', 'br', 'sampah'];['harga', 'unit', '4', '0', '0', 'jt', 'br', 'harga', 'batrey', 'nya', '4', '5', '0', 'jt', 'br', 'br', 'nasibnya', 'br', 'allcaps', 'terkena', 'allcaps', 'banjir', 'br', 'repeated', 'br', 'allcaps', 'tergenang', 'allcaps', 'air', 'repeated', 'br', 'br', 'bangkai', 'br', 'beli', 'accu', 'br', 'jual', 'kiloan', 'br', 'rongsokan', 'br', 'sampah'];harga unit 4 0 0 jt br harga batrey nya 4 5 0 jt br br nasibnya br allcaps terkena allcaps banjir br repeated br allcaps tergenang allcaps air repeated br br bangkai br beli accu br jual kiloan br rongsokan br sampah;harga unit 4 0 0 jt br harga batrey nya 4 5 0 jt br br nasib br allcaps kena allcaps banjir br repeated br allcaps genang allcaps air repeated br br bangkai br beli accu br jual kilo br rongsok br sampah
29;Harga MOBiL 400 JUTA<br>Harga BATRY nya 450 JUTA<br>cocok tdk unt digunakan di INDONESIA ???<br>1. Suhu udara Naik turun<br>2. Sering Hujan<br>3. Sering BANJiR<br><br>bagaimana klo hrs melewati<br>GENANGAN air atau<br>Ter GENANG AiR<br>Akibat BANJiR ????????;-1.0;harga mobil number allcaps juta allcaps br harga allcaps batry allcaps nya number allcaps juta allcaps br cocok tdk unt digunakan di allcaps indonesia allcaps repeated br number suhu udara naik turun br number sering hujan br number sering banjir br br bagaimana klo hrs melewati br allcaps genangan allcaps air atau br ter allcaps genang allcaps air br akibat banjir repeated;['harga', 'mobil', 'number', 'allcaps', 'juta', 'allcaps', 'br', 'harga', 'allcaps', 'batry', 'allcaps', 'nya', 'number', 'allcaps', 'juta', 'allcaps', 'br', 'cocok', 'tdk', 'unt', 'digunakan', 'di', 'allcaps', 'indonesia', 'allcaps', 'repeated', 'br', 'number', 'suhu', 'udara', 'naik', 'turun', 'br', 'number', 'sering', 'hujan', 'br', 'number', 'sering', 'banjir', 'br', 'br', 'bagaimana', 'klo', 'hrs', 'melewati', 'br', 'allcaps', 'genangan', 'allcaps', 'air', 'atau', 'br', 'ter', 'allcaps', 'genang', 'allcaps', 'air', 'br', 'akibat', 'banjir', 'repeated'];['harga', 'mobil', 'number', 'allcaps', 'juta', 'allcaps', 'br', 'harga', 'allcaps', 'batry', 'allcaps', 'nya', 'number', 'allcaps', 'juta', 'allcaps', 'br', 'cocok', 'tidak', 'unt', 'digunakan', 'di', 'allcaps', 'indonesia', 'allcaps', 'repeated', 'br', 'number', 'suhu', 'udara', 'naik', 'turun', 'br', 'number', 'sering', 'hujan', 'br', 'number', 'sering', 'banjir', 'br', 'br', 'bagaimana', 'kalau', 'harus', 'melewati', 'br', 'allcaps', 'genangan', 'allcaps', 'air', 'atau', 'br', 'ter', 'allcaps', 'genang', 'allcaps', 'air', 'br', 'akibat', 'banjir', 'repeated'];['harga', 'mobil', 'number', 'allcaps', 'juta', 'allcaps', 'br', 'harga', 'allcaps', 'batry', 'allcaps', 'nya', 'number', 'allcaps', 'juta', 'allcaps', 'br', 'cocok', 'unt', 'allcaps', 'indonesia', 'allcaps', 'repeated', 'br', 'number', 'suhu', 'udara', 'turun', 'br', 'number', 'hujan', 'br', 'number', 'banjir', 'br', 'br', 'melewati', 'br', 'allcaps', 'genangan', 'allcaps', 'air', 'br', 'ter', 'allcaps', 'genang', 'allcaps', 'air', 'br', 'akibat', 'banjir', 'repeated'];harga mobil number allcaps juta allcaps br harga allcaps batry allcaps nya number allcaps juta allcaps br cocok unt allcaps indonesia allcaps repeated br number suhu udara turun br number hujan br number banjir br br melewati br allcaps genangan allcaps air br ter allcaps genang allcaps air br akibat banjir repeated;harga mobil number allcaps juta allcaps br harga allcaps batry allcaps nya number allcaps juta allcaps br cocok unt allcaps indonesia allcaps repeated br number suhu udara turun br number hujan br number banjir br br lewat br allcaps genang allcaps air br ter allcaps genang allcaps air br akibat banjir repeated
30;@Miftahul Iman <br>Nah.. kan.. gak paham<br>â˜ï¸ğŸ¤£ğŸ¤£ğŸ˜ğŸ˜ğŸ¤­ğŸ¤­;-1.0;user iman br nah repeated kan repeated gak paham br;['user', 'iman', 'br', 'nah', 'repeated', 'kan', 'repeated', 'gak', 'paham', 'br'];['user', 'iman', 'br', 'nah', 'repeated', 'kan', 'repeated', 'tidak', 'paham', 'br'];['user', 'iman', 'br', 'repeated', 'repeated', 'paham', 'br'];user iman br repeated repeated paham br;user iman br repeated repeated paham br
31;@Miftahul Iman <br>Jwb aja.. klo mampu<br>Sbb..<br>Hampir semua penjelasan<br>Gak ada yg menjamin<br>ANTi BANJiR<br><br>Anti air iya...<br>Pasti semua mobil<br>Anti air<br>ğŸ˜ğŸ˜ğŸ¤£ğŸ¤£ğŸ¤­<br>Masih ngaku pintar?;-1.0;user iman br jwb aja repeated klo mampu br sbb repeated br hampir semua penjelasan br gak ada yg menjamin br anti banjir br br anti air iya repeated br pasti semua mobil br anti air br br masih ngaku pintar;['user', 'iman', 'br', 'jwb', 'aja', 'repeated', 'klo', 'mampu', 'br', 'sbb', 'repeated', 'br', 'hampir', 'semua', 'penjelasan', 'br', 'gak', 'ada', 'yg', 'menjamin', 'br', 'anti', 'banjir', 'br', 'br', 'anti', 'air', 'iya', 'repeated', 'br', 'pasti', 'semua', 'mobil', 'br', 'anti', 'air', 'br', 'br', 'masih', 'ngaku', 'pintar'];['user', 'iman', 'br', 'jwb', 'saja', 'repeated', 'kalau', 'mampu', 'br', 'sbb', 'repeated', 'br', 'hampir', 'semua', 'penjelasan', 'br', 'tidak', 'ada', 'yang', 'menjamin', 'br', 'anti', 'banjir', 'br', 'br', 'anti', 'air', 'iya', 'repeated', 'br', 'pasti', 'semua', 'mobil', 'br', 'anti', 'air', 'br', 'br', 'masih', 'ngaku', 'pintar'];['user', 'iman', 'br', 'jwb', 'repeated', 'br', 'sbb', 'repeated', 'br', 'penjelasan', 'br', 'menjamin', 'br', 'anti', 'banjir', 'br', 'br', 'anti', 'air', 'iya', 'repeated', 'br', 'mobil', 'br', 'anti', 'air', 'br', 'br', 'ngaku', 'pintar'];user iman br jwb repeated br sbb repeated br penjelasan br menjamin br anti banjir br br anti air iya repeated br mobil br anti air br br ngaku pintar;user iman br jwb repeated br sbb repeated br jelas br jamin br anti banjir br br anti air iya repeated br mobil br anti air br br ngaku pintar
32;@wong edan 10 <br>Tau IP rating belum? Lain kali kalau punya kuota research dulu informasi ttg mobil listrik jangan jadi kayak orang yang bodoh;-1.0;user edan number br tau ip rating belum lain kali kalau punya kuota research dulu informasi ttg mobil listrik jangan jadi kayak orang yang bodoh;['user', 'edan', 'number', 'br', 'tau', 'ip', 'rating', 'belum', 'lain', 'kali', 'kalau', 'punya', 'kuota', 'research', 'dulu', 'informasi', 'ttg', 'mobil', 'listrik', 'jangan', 'jadi', 'kayak', 'orang', 'yang', 'bodoh'];['user', 'edan', 'number', 'br', 'tau', 'ip', 'rating', 'belum', 'lain', 'kali', 'kalau', 'punya', 'kuota', 'research', 'dulu', 'informasi', 'tentang', 'mobil', 'listrik', 'jangan', 'jadi', 'kayak', 'orang', 'yang', 'bodoh'];['user', 'edan', 'number', 'br', 'tau', 'ip', 'rating', 'kali', 'kuota', 'research', 'informasi', 'mobil', 'listrik', 'kayak', 'orang', 'bodoh'];user edan number br tau ip rating kali kuota research informasi mobil listrik kayak orang bodoh;user edan number br tau ip rating kali kuota research informasi mobil listrik kayak orang bodoh
33;@Miftahul Iman <br>Sdh siap kena BANJiR<br>???????<br>â˜ï¸ğŸ¤”ğŸ¤”ğŸ¤£ğŸ¤£ğŸ¤­ğŸ¤­ğŸ˜ğŸ˜;1.0;user iman br sdh siap kena banjir br repeated br;['user', 'iman', 'br', 'sdh', 'siap', 'kena', 'banjir', 'br', 'repeated', 'br'];['user', 'iman', 'br', 'sudah', 'siap', 'kena', 'banjir', 'br', 'repeated', 'br'];['user', 'iman', 'br', 'kena', 'banjir', 'br', 'repeated', 'br'];user iman br kena banjir br repeated br;user iman br kena banjir br repeated br
34;looom gajiaaan;1.0;loom elongated gajiaan elongated;['loom', 'elongated', 'gajiaan', 'elongated'];['loom', 'elongated', 'gajiaan', 'elongated'];['loom', 'elongated', 'gajiaan', 'elongated'];loom elongated gajiaan elongated;loom elongated gajiaan elongated
35;Harga mobil nya berapah;0.0;harga mobil nya berapah;['harga', 'mobil', 'nya', 'berapah'];['harga', 'mobil', 'nya', 'berapah'];['harga', 'mobil', 'nya', 'berapah'];harga mobil nya berapah;harga mobil nya rapah
36;Harus beli... Ni..;1.0;harus beli repeated ni repeated;['harus', 'beli', 'repeated', 'ni', 'repeated'];['harus', 'beli', 'repeated', 'ini', 'repeated'];['beli', 'repeated', 'repeated'];beli repeated repeated;beli repeated repeated
37;Kece banget si om ini ğŸ¤£;1.0;kece banget si om ini;['kece', 'banget', 'si', 'om', 'ini'];['kece', 'banget', 'sih', 'om', 'ini'];['kece', 'banget', 'sih', 'om'];kece banget sih om;kece banget sih om
38;Katanya harga baterainya kl rusak seharga mobilnya.;0.0;katanya harga baterainya kl rusak seharga mobilnya;['katanya', 'harga', 'baterainya', 'kl', 'rusak', 'seharga', 'mobilnya'];['katanya', 'harga', 'baterainya', 'kalau', 'rusak', 'seharga', 'mobilnya'];['harga', 'baterainya', 'rusak', 'seharga', 'mobilnya'];harga baterainya rusak seharga mobilnya;harga baterai rusak harga mobil
39;Anda ingin mobil yg keren atau ramah lingkungan atau hemat?<br>YES!;1.0;anda ingin mobil yg keren atau ramah lingkungan atau hemat br allcaps yes allcaps;['anda', 'ingin', 'mobil', 'yg', 'keren', 'atau', 'ramah', 'lingkungan', 'atau', 'hemat', 'br', 'allcaps', 'yes', 'allcaps'];['anda', 'ingin', 'mobil', 'yang', 'keren', 'atau', 'ramah', 'lingkungan', 'atau', 'hemat', 'br', 'allcaps', 'yes', 'allcaps'];['mobil', 'keren', 'ramah', 'lingkungan', 'hemat', 'br', 'allcaps', 'yes', 'allcaps'];mobil keren ramah lingkungan hemat br allcaps yes allcaps;mobil keren ramah lingkung hemat br allcaps yes allcaps
40;Allahumasholliala sayyidina Muhammad;0.0;allahumasholliala sayyidina muhammad;['allahumasholliala', 'sayyidina', 'muhammad'];['allahumasholliala', 'sayyidina', 'muhammad'];['allahumasholliala', 'sayyidina', 'muhammad'];allahumasholliala sayyidina muhammad;allahumasholliala sayyidina muhammad
41;Thanks reviewnya. Worth it with all its spec. n features. Tapi harganya masih di angan2 utk bisa beli hihi;1.0;thanks reviewnya worth it with all its spec features tapi harganya masih di angan2 utk bisa beli hihi;['thanks', 'reviewnya', 'worth', 'it', 'with', 'all', 'its', 'spec', 'features', 'tapi', 'harganya', 'masih', 'di', 'angan2', 'utk', 'bisa', 'beli', 'hihi'];['thanks', 'reviewnya', 'worth', 'it', 'with', 'all', 'its', 'spec', 'features', 'tapi', 'harganya', 'masih', 'di', 'angan2', 'untuk', 'bisa', 'beli', 'hihi'];['thanks', 'reviewnya', 'worth', 'it', 'with', 'all', 'its', 'spec', 'features', 'harganya', 'angan2', 'beli', 'hihi'];thanks reviewnya worth it with all its spec features harganya angan2 beli hihi;thanks reviewnya worth it with all its spec features harga angan2 beli hihi
42;Pas banjir gimana tuh?â˜ºï¸;0.0;pas banjir gimana tuh;['pas', 'banjir', 'gimana', 'tuh'];['cocok', 'banjir', 'bagaimana', 'itu'];['cocok', 'banjir'];cocok banjir;cocok banjir
43;Udah ada IP rating;0.0;udah ada ip rating;['udah', 'ada', 'ip', 'rating'];['sudah', 'ada', 'ip', 'rating'];['ip', 'rating'];ip rating;ip rating
44;Mobil masa depan keren;1.0;mobil masa depan keren;['mobil', 'masa', 'depan', 'keren'];['mobil', 'masa', 'depan', 'keren'];['mobil', 'keren'];mobil keren;mobil keren
45;pionir mibil listrik di indonesia nih mantap hyundai. btw salut juga sama shell tetap mengikuti perkembangan arus globalisasi;1.0;pionir mibil listrik di indonesia nih mantap hyundai btw salut juga sama shell tetap mengikuti perkembangan arus globalisasi;['pionir', 'mibil', 'listrik', 'di', 'indonesia', 'nih', 'mantap', 'hyundai', 'btw', 'salut', 'juga', 'sama', 'shell', 'tetap', 'mengikuti', 'perkembangan', 'arus', 'globalisasi'];['pionir', 'mibil', 'listrik', 'di', 'indonesia', 'ini', 'mantap', 'hyundai', 'eh', 'bangga', 'juga', 'sama', 'shell', 'tetap', 'mengikuti', 'perkembangan', 'arus', 'globalisasi'];['pionir', 'mibil', 'listrik', 'indonesia', 'mantap', 'hyundai', 'eh', 'bangga', 'shell', 'mengikuti', 'perkembangan', 'arus', 'globalisasi'];pionir mibil listrik indonesia mantap hyundai eh bangga shell mengikuti perkembangan arus globalisasi;pionir mibil listrik indonesia mantap hyundai eh bangga shell ikut kembang arus globalisasi
46;Solawatin dulu gaesğŸ˜ğŸ˜‡;1.0;solawatin dulu gaes;['solawatin', 'dulu', 'gaes'];['solawatin', 'dulu', 'gaes'];['solawatin', 'gaes'];solawatin gaes;solawatin gaes
47;Kasus Arsam dri Bandung tolong klarifikasi om fitra...;0.0;kasus arsam dri bandung tolong klarifikasi om fitra repeated;['kasus', 'arsam', 'dri', 'bandung', 'tolong', 'klarifikasi', 'om', 'fitra', 'repeated'];['kasus', 'arsam', 'dari', 'bandung', 'tolong', 'klarifikasi', 'om', 'fitra', 'repeated'];['arsam', 'bandung', 'tolong', 'klarifikasi', 'om', 'fitra', 'repeated'];arsam bandung tolong klarifikasi om fitra repeated;arsam bandung tolong klarifikasi om fitra repeated
48;Cicilan 50thn bisa g y ğŸ˜‚ğŸ˜‚ğŸ˜‚;0.0;cicilan 5 0 thn bisa;['cicilan', '5', '0', 'thn', 'bisa'];['cicilan', '5', '0', 'tahun', 'bisa'];['cicilan', '5', '0'];cicilan 5 0;cicil 5 0
49;harga nya saingan Fortuner/Pajera/Alpahard ğŸ¤­;0.0;harga nya saingan fortuner pajera alpahard;['harga', 'nya', 'saingan', 'fortuner', 'pajera', 'alpahard'];['harga', 'nya', 'saingan', 'fortuner', 'pajera', 'alpahard'];['harga', 'nya', 'saingan', 'fortuner', 'pajera', 'alpahard'];harga nya saingan fortuner pajera alpahard;harga nya saing fortuner pajera alpahard
50;Hyundai IONIQ 5 Power up the future.;1.0;hyundai allcaps ioniq allcaps number power up the future;['hyundai', 'allcaps', 'ioniq', 'allcaps', 'number', 'power', 'up', 'the', 'future'];['hyundai', 'allcaps', 'ioniq', 'allcaps', 'number', 'power', 'up', 'the', 'future'];['hyundai', 'allcaps', 'ioniq', 'allcaps', 'number', 'power', 'up', 'the', 'future'];hyundai allcaps ioniq allcaps number power up the future;hyundai allcaps ioniq allcaps number power up the future
51;Cobak kalao ditambah bisa ngecas dengan sinar matahari beeeeh kuweeeren;1.0;cobak kalao ditambah bisa ngecas dengan sinar matahari beh elongated kuweeren elongated;['cobak', 'kalao', 'ditambah', 'bisa', 'ngecas', 'dengan', 'sinar', 'matahari', 'beh', 'elongated', 'kuweeren', 'elongated'];['coba', 'kalao', 'ditambah', 'bisa', 'ngecas', 'dengan', 'sinar', 'matahari', 'beh', 'elongated', 'kuweeren', 'elongated'];['coba', 'kalao', 'ditambah', 'ngecas', 'sinar', 'matahari', 'beh', 'elongated', 'kuweeren', 'elongated'];coba kalao ditambah ngecas sinar matahari beh elongated kuweeren elongated;coba kalao tambah ngecas sinar matahari beh elongated kuweeren elongated
53;Ngeliat video ini gara2 fyp ditiktok gara2 cat mobil. Oh jadi ini mobil yang ngelotok ditempel lakban ğŸ˜‚;-1.0;ngeliat video ini gara2 fyp ditiktok gara2 cat mobil oh jadi ini mobil yang ngelotok ditempel lakban;['ngeliat', 'video', 'ini', 'gara2', 'fyp', 'ditiktok', 'gara2', 'cat', 'mobil', 'oh', 'jadi', 'ini', 'mobil', 'yang', 'ngelotok', 'ditempel', 'lakban'];['ngeliat', 'video', 'ini', 'gara2', 'fyp', 'ditiktok', 'gara2', 'cat', 'mobil', 'oh', 'jadi', 'ini', 'mobil', 'yang', 'ngelotok', 'ditempel', 'lakban'];['ngeliat', 'video', 'gara2', 'fyp', 'ditiktok', 'gara2', 'cat', 'mobil', 'oh', 'mobil', 'ngelotok', 'ditempel', 'lakban'];ngeliat video gara2 fyp ditiktok gara2 cat mobil oh mobil ngelotok ditempel lakban;ngeliat video gara2 fyp ditiktok gara2 cat mobil oh mobil ngelotok tempel lakban
54;@Miftahul Iman PPF buat whole body mobil. Ini lakban khusus buat pijakan kaki doang. Emang niatnya buat ngelindungin dari pijakan kaki doangg.;1.0;user iman allcaps ppf allcaps buat whole body mobil ini lakban khusus buat pijakan kaki doang emang niatnya buat ngelindungin dari pijakan kaki doangg;['user', 'iman', 'allcaps', 'ppf', 'allcaps', 'buat', 'whole', 'body', 'mobil', 'ini', 'lakban', 'khusus', 'buat', 'pijakan', 'kaki', 'doang', 'emang', 'niatnya', 'buat', 'ngelindungin', 'dari', 'pijakan', 'kaki', 'doangg'];['user', 'iman', 'allcaps', 'ppf', 'allcaps', 'buat', 'whole', 'body', 'mobil', 'ini', 'lakban', 'khusus', 'buat', 'pijakan', 'kaki', 'saja', 'memang', 'niatnya', 'buat', 'ngelindungin', 'dari', 'pijakan', 'kaki', 'doangg'];['user', 'iman', 'allcaps', 'ppf', 'allcaps', 'whole', 'body', 'mobil', 'lakban', 'khusus', 'pijakan', 'kaki', 'niatnya', 'ngelindungin', 'pijakan', 'kaki', 'doangg'];user iman allcaps ppf allcaps whole body mobil lakban khusus pijakan kaki niatnya ngelindungin pijakan kaki doangg;user iman allcaps ppf allcaps whole body mobil lakban khusus pijak kaki niat ngelindungin pijak kaki doangg
55;@MoMoNon <br>Lau pake PPF kalau mau melindungi body<br>Mampu beli mobil 800jt tapi PPF 50jt aja gak bisa;-1.0;user br lau pake allcaps ppf allcaps kalau mau melindungi body br mampu beli mobil 8 0 0 jt tapi allcaps ppf allcaps 5 0 jt aja gak bisa;['user', 'br', 'lau', 'pake', 'allcaps', 'ppf', 'allcaps', 'kalau', 'mau', 'melindungi', 'body', 'br', 'mampu', 'beli', 'mobil', '8', '0', '0', 'jt', 'tapi', 'allcaps', 'ppf', 'allcaps', '5', '0', 'jt', 'aja', 'gak', 'bisa'];['user', 'br', 'lau', 'pakai', 'allcaps', 'ppf', 'allcaps', 'kalau', 'mau', 'melindungi', 'body', 'br', 'mampu', 'beli', 'mobil', '8', '0', '0', 'jt', 'tapi', 'allcaps', 'ppf', 'allcaps', '5', '0', 'jt', 'saja', 'tidak', 'bisa'];['user', 'br', 'lau', 'pakai', 'allcaps', 'ppf', 'allcaps', 'melindungi', 'body', 'br', 'beli', 'mobil', '8', '0', '0', 'jt', 'allcaps', 'ppf', 'allcaps', '5', '0', 'jt'];user br lau pakai allcaps ppf allcaps melindungi body br beli mobil 8 0 0 jt allcaps ppf allcaps 5 0 jt;user br lau pakai allcaps ppf allcaps lindung body br beli mobil 8 0 0 jt allcaps ppf allcaps 5 0 jt
56;ya ngapain juga mobil ditempelin lakban;-1.0;ya ngapain juga mobil ditempelin lakban;['ya', 'ngapain', 'juga', 'mobil', 'ditempelin', 'lakban'];['iya', 'ngapain', 'juga', 'mobil', 'ditempelin', 'lakban'];['iya', 'ngapain', 'mobil', 'ditempelin', 'lakban'];iya ngapain mobil ditempelin lakban;iya ngapain mobil ditempelin lakban
58;Om Fitra....mohon pencerahannya. Ada pengaruhnya ga jarak tempuh dgn jumlah penumpang?;0.0;om fitra repeated mohon pencerahannya ada pengaruhnya ga jarak tempuh dgn jumlah penumpang;['om', 'fitra', 'repeated', 'mohon', 'pencerahannya', 'ada', 'pengaruhnya', 'ga', 'jarak', 'tempuh', 'dgn', 'jumlah', 'penumpang'];['om', 'fitra', 'repeated', 'mohon', 'pencerahannya', 'ada', 'pengaruhnya', 'tidak', 'jarak', 'tempuh', 'dengan', 'jumlah', 'penumpang'];['om', 'fitra', 'repeated', 'mohon', 'pencerahannya', 'pengaruhnya', 'jarak', 'tempuh', 'penumpang'];om fitra repeated mohon pencerahannya pengaruhnya jarak tempuh penumpang;om fitra repeated mohon cerah pengaruh jarak tempuh tumpang
59;Itu bagasi depan buat bawa genset cukup gak? Just in case low batt ğŸ˜€;0.0;itu bagasi depan buat bawa genset cukup gak just in case low batt;['itu', 'bagasi', 'depan', 'buat', 'bawa', 'genset', 'cukup', 'gak', 'just', 'in', 'case', 'low', 'batt'];['itu', 'bagasi', 'depan', 'buat', 'bawa', 'genset', 'cukup', 'tidak', 'just', 'in', 'case', 'low', 'batt'];['bagasi', 'bawa', 'genset', 'just', 'in', 'case', 'low', 'batt'];bagasi bawa genset just in case low batt;bagasi bawa genset just in case low batt
60;Kapan gue belinyaaaağŸ˜…;0.0;kapan gue belinyaa elongated;['kapan', 'gue', 'belinyaa', 'elongated'];['kapan', 'saya', 'belinyaa', 'elongated'];['belinyaa', 'elongated'];belinyaa elongated;belinyaa elongated
61;Semoga harganya beberapa tahun ke depan bisa turun ke 300 jutaan;1.0;semoga harganya beberapa tahun ke depan bisa turun ke number jutaan;['semoga', 'harganya', 'beberapa', 'tahun', 'ke', 'depan', 'bisa', 'turun', 'ke', 'number', 'jutaan'];['semoga', 'harganya', 'beberapa', 'tahun', 'ke', 'depan', 'bisa', 'turun', 'ke', 'number', 'jutaan'];['semoga', 'harganya', 'turun', 'number', 'jutaan'];semoga harganya turun number jutaan;moga harga turun number juta
62;bagus ya....;1.0;bagus ya repeated;['bagus', 'ya', 'repeated'];['bagus', 'iya', 'repeated'];['bagus', 'iya', 'repeated'];bagus iya repeated;bagus iya repeated
63;super gagah ni mobil;1.0;super gagah ni mobil;['super', 'gagah', 'ni', 'mobil'];['super', 'gagah', 'ini', 'mobil'];['super', 'gagah', 'mobil'];super gagah mobil;super gagah mobil
64;Bukan mobil rakyat jelata..Harga 800jt bagi kalangan umum masih mahal..chargernya pun hrs punya listrik dirumah dgn daya 7000W..rata2 warga menengah di kota daya listrik rumah 3500W -5500W;-1.0;bukan mobil rakyat jelata repeated harga 8 0 0 jt bagi kalangan umum masih mahal repeated chargernya pun hrs punya listrik dirumah dgn daya 7 0 0 0 repeated rata2 warga menengah di kota daya listrik rumah 3 5 0 0 5 5 0 0;['bukan', 'mobil', 'rakyat', 'jelata', 'repeated', 'harga', '8', '0', '0', 'jt', 'bagi', 'kalangan', 'umum', 'masih', 'mahal', 'repeated', 'chargernya', 'pun', 'hrs', 'punya', 'listrik', 'dirumah', 'dgn', 'daya', '7', '0', '0', '0', 'repeated', 'rata2', 'warga', 'menengah', 'di', 'kota', 'daya', 'listrik', 'rumah', '3', '5', '0', '0', '5', '5', '0', '0'];['bukan', 'mobil', 'rakyat', 'jelata', 'repeated', 'harga', '8', '0', '0', 'jt', 'bagi', 'kalangan', 'umum', 'masih', 'mahal', 'repeated', 'chargernya', 'pun', 'harus', 'punya', 'listrik', 'dirumah', 'dengan', 'daya', '7', '0', '0', '0', 'repeated', 'rata2', 'warga', 'menengah', 'di', 'kota', 'daya', 'listrik', 'rumah', '3', '5', '0', '0', '5', '5', '0', '0'];['mobil', 'rakyat', 'jelata', 'repeated', 'harga', '8', '0', '0', 'jt', 'kalangan', 'mahal', 'repeated', 'chargernya', 'listrik', 'dirumah', 'daya', '7', '0', '0', '0', 'repeated', 'rata2', 'warga', 'menengah', 'kota', 'daya', 'listrik', 'rumah', '3', '5', '0', '0', '5', '5', '0', '0'];mobil rakyat jelata repeated harga 8 0 0 jt kalangan mahal repeated chargernya listrik dirumah daya 7 0 0 0 repeated rata2 warga menengah kota daya listrik rumah 3 5 0 0 5 5 0 0;mobil rakyat jelata repeated harga 8 0 0 jt kalang mahal repeated chargernya listrik rumah daya 7 0 0 0 repeated rata2 warga tengah kota daya listrik rumah 3 5 0 0 5 5 0 0
65;kan udh dijelasin klo bisa ngajuin ke pln buat bikin sambungan baru dan dapet subsidi;1.0;kan udh dijelasin klo bisa ngajuin ke pln buat bikin sambungan baru dan dapet subsidi;['kan', 'udh', 'dijelasin', 'klo', 'bisa', 'ngajuin', 'ke', 'pln', 'buat', 'bikin', 'sambungan', 'baru', 'dan', 'dapet', 'subsidi'];['kan', 'sudah', 'dijelasin', 'kalau', 'bisa', 'ngajuin', 'ke', 'pln', 'buat', 'membuat', 'sambungan', 'baru', 'dan', 'mendapat', 'subsidi'];['dijelasin', 'ngajuin', 'pln', 'sambungan', 'subsidi'];dijelasin ngajuin pln sambungan subsidi;dijelasin ngajuin pln sambung subsidi
66;Brp lama baterainya bertahan? Bs diperbaiki? atau hrs ganti...brp harganya?;0.0;brp lama baterainya bertahan bs diperbaiki atau hrs ganti repeated brp harganya;['brp', 'lama', 'baterainya', 'bertahan', 'bs', 'diperbaiki', 'atau', 'hrs', 'ganti', 'repeated', 'brp', 'harganya'];['brp', 'lama', 'baterainya', 'bertahan', 'bisa', 'diperbaiki', 'atau', 'harus', 'ganti', 'repeated', 'brp', 'harganya'];['brp', 'baterainya', 'bertahan', 'diperbaiki', 'ganti', 'repeated', 'brp', 'harganya'];brp baterainya bertahan diperbaiki ganti repeated brp harganya;brp baterai tahan baik ganti repeated brp harga
67;Ini sungguh mobil masa depan <br>Coba bayangin kita punya panel surya dan turbin angin gax usah beli listrik kita;1.0;ini sungguh mobil masa depan br coba bayangin kita punya panel surya dan turbin angin gax usah beli listrik kita;['ini', 'sungguh', 'mobil', 'masa', 'depan', 'br', 'coba', 'bayangin', 'kita', 'punya', 'panel', 'surya', 'dan', 'turbin', 'angin', 'gax', 'usah', 'beli', 'listrik', 'kita'];['ini', 'sungguh', 'mobil', 'masa', 'depan', 'br', 'coba', 'bayangkan', 'kita', 'punya', 'panel', 'surya', 'dan', 'turbin', 'angin', 'gax', 'usah', 'beli', 'listrik', 'kita'];['sungguh', 'mobil', 'br', 'coba', 'bayangkan', 'panel', 'surya', 'turbin', 'angin', 'gax', 'beli', 'listrik'];sungguh mobil br coba bayangkan panel surya turbin angin gax beli listrik;sungguh mobil br coba bayang panel surya turbin angin gax beli listrik
68;mana dikasih sama pln;1.0;mana dikasih sama pln;['mana', 'dikasih', 'sama', 'pln'];['mana', 'dikasih', 'sama', 'pln'];['dikasih', 'pln'];dikasih pln;kasih pln
69;Bagaimana jika mobil listrik terendam banjir? apakah memakan biaya yang terjangkau apa sebalik nya?;0.0;bagaimana jika mobil listrik terendam banjir apakah memakan biaya yang terjangkau apa sebalik nya;['bagaimana', 'jika', 'mobil', 'listrik', 'terendam', 'banjir', 'apakah', 'memakan', 'biaya', 'yang', 'terjangkau', 'apa', 'sebalik', 'nya'];['bagaimana', 'jika', 'mobil', 'listrik', 'terendam', 'banjir', 'apakah', 'memakan', 'biaya', 'yang', 'terjangkau', 'apa', 'sebalik', 'nya'];['mobil', 'listrik', 'terendam', 'banjir', 'memakan', 'biaya', 'terjangkau', 'sebalik', 'nya'];mobil listrik terendam banjir memakan biaya terjangkau sebalik nya;mobil listrik rendam banjir makan biaya jangkau balik nya
70;Bagaimana jika mobil listrik terendam banjir? apakah memakan biaya yang terjangkau apa sebalik nya?;0.0;bagaimana jika mobil listrik terendam banjir apakah memakan biaya yang terjangkau apa sebalik nya;['bagaimana', 'jika', 'mobil', 'listrik', 'terendam', 'banjir', 'apakah', 'memakan', 'biaya', 'yang', 'terjangkau', 'apa', 'sebalik', 'nya'];['bagaimana', 'jika', 'mobil', 'listrik', 'terendam', 'banjir', 'apakah', 'memakan', 'biaya', 'yang', 'terjangkau', 'apa', 'sebalik', 'nya'];['mobil', 'listrik', 'terendam', 'banjir', 'memakan', 'biaya', 'terjangkau', 'sebalik', 'nya'];mobil listrik terendam banjir memakan biaya terjangkau sebalik nya;mobil listrik rendam banjir makan biaya jangkau balik nya
72;Berapa lama ngisi bartei y dri keadaan low;0.0;berapa lama ngisi bartei dri keadaan low;['berapa', 'lama', 'ngisi', 'bartei', 'dri', 'keadaan', 'low'];['berapa', 'lama', 'ngisi', 'bartei', 'dari', 'keadaan', 'low'];['ngisi', 'bartei', 'low'];ngisi bartei low;ngisi bartei low
73;Kalau pakai daya rumahan itu sekitar 6-7 jam;1.0;kalau pakai daya rumahan itu sekitar number number jam;['kalau', 'pakai', 'daya', 'rumahan', 'itu', 'sekitar', 'number', 'number', 'jam'];['kalau', 'pakai', 'daya', 'rumahan', 'itu', 'sekitar', 'number', 'number', 'jam'];['pakai', 'daya', 'rumahan', 'number', 'number', 'jam'];pakai daya rumahan number number jam;pakai daya rumah number number jam
74;Sy memenangkan undian mobil ioniq 5 dr bank. Sy berniat utk menjualnya. Dikasih harga terbaik di bawah dealer resmi Hyundai Padang. Kondisi Baru. Bagi yg Serius beli bisa hub sy. Khusus utk daerah Padang/Sumbar ya;1.0;sy memenangkan undian mobil ioniq number dr bank sy berniat utk menjualnya dikasih harga terbaik di bawah dealer resmi hyundai padang kondisi baru bagi yg serius beli bisa hub sy khusus utk daerah padang sumbar ya;['sy', 'memenangkan', 'undian', 'mobil', 'ioniq', 'number', 'dr', 'bank', 'sy', 'berniat', 'utk', 'menjualnya', 'dikasih', 'harga', 'terbaik', 'di', 'bawah', 'dealer', 'resmi', 'hyundai', 'padang', 'kondisi', 'baru', 'bagi', 'yg', 'serius', 'beli', 'bisa', 'hub', 'sy', 'khusus', 'utk', 'daerah', 'padang', 'sumbar', 'ya'];['saya', 'memenangkan', 'undian', 'mobil', 'ioniq', 'number', 'dari', 'bank', 'saya', 'berniat', 'untuk', 'menjualnya', 'dikasih', 'harga', 'terbaik', 'di', 'bawah', 'dealer', 'resmi', 'hyundai', 'padang', 'kondisi', 'baru', 'bagi', 'yang', 'serius', 'beli', 'bisa', 'hub', 'saya', 'khusus', 'untuk', 'daerah', 'padang', 'sumbar', 'iya'];['memenangkan', 'undian', 'mobil', 'ioniq', 'number', 'bank', 'berniat', 'menjualnya', 'dikasih', 'harga', 'terbaik', 'dealer', 'resmi', 'hyundai', 'padang', 'kondisi', 'serius', 'beli', 'hub', 'khusus', 'daerah', 'padang', 'sumbar', 'iya'];memenangkan undian mobil ioniq number bank berniat menjualnya dikasih harga terbaik dealer resmi hyundai padang kondisi serius beli hub khusus daerah padang sumbar iya;menang undi mobil ioniq number bank niat jual kasih harga baik dealer resmi hyundai padang kondisi serius beli hub khusus daerah padang sumbar iya
75;sehat selalu om Eri...Mobil elektrik istimewa;1.0;sehat selalu om eri repeated mobil elektrik istimewa;['sehat', 'selalu', 'om', 'eri', 'repeated', 'mobil', 'elektrik', 'istimewa'];['sehat', 'selalu', 'om', 'eri', 'repeated', 'mobil', 'elektrik', 'istimewa'];['sehat', 'om', 'eri', 'repeated', 'mobil', 'elektrik', 'istimewa'];sehat om eri repeated mobil elektrik istimewa;sehat om eri repeated mobil elektrik istimewa
76;Masih terlalu mahal...;-1.0;masih terlalu mahal repeated;['masih', 'terlalu', 'mahal', 'repeated'];['masih', 'terlalu', 'mahal', 'repeated'];['mahal', 'repeated'];mahal repeated;mahal repeated
77;Range yg disampaikan apakah bs ditempuh dgn penumpang penuh?;0.0;range yg disampaikan apakah bs ditempuh dgn penumpang penuh;['range', 'yg', 'disampaikan', 'apakah', 'bs', 'ditempuh', 'dgn', 'penumpang', 'penuh'];['range', 'yang', 'disampaikan', 'apakah', 'bisa', 'ditempuh', 'dengan', 'penumpang', 'penuh'];['range', 'ditempuh', 'penumpang', 'penuh'];range ditempuh penumpang penuh;range tempuh tumpang penuh
78;Intinya takut banyak yg nganggur dan demo klo sampai kebijakan mobil Listrik spt di Norwebia .... terlalu lama dibiarkan monopoli sih jd nya ya bgt ... cmiiw;0.0;intinya takut banyak yg nganggur dan demo klo sampai kebijakan mobil listrik spt di norwebia repeated terlalu lama dibiarkan monopoli sih jd nya ya bgt repeated cmiiw;['intinya', 'takut', 'banyak', 'yg', 'nganggur', 'dan', 'demo', 'klo', 'sampai', 'kebijakan', 'mobil', 'listrik', 'spt', 'di', 'norwebia', 'repeated', 'terlalu', 'lama', 'dibiarkan', 'monopoli', 'sih', 'jd', 'nya', 'ya', 'bgt', 'repeated', 'cmiiw'];['intinya', 'takut', 'banyak', 'yang', 'pengangguran', 'dan', 'demo', 'kalau', 'sampai', 'kebijakan', 'mobil', 'listrik', 'seperti', 'di', 'norwebia', 'repeated', 'terlalu', 'lama', 'dibiarkan', 'monopoli', 'sih', 'jadi ', 'nya', 'iya', 'banget', 'repeated', 'cmiiw'];['intinya', 'takut', 'pengangguran', 'demo', 'kebijakan', 'mobil', 'listrik', 'norwebia', 'repeated', 'dibiarkan', 'monopoli', 'sih', 'jadi ', 'nya', 'iya', 'banget', 'repeated', 'cmiiw'];intinya takut pengangguran demo kebijakan mobil listrik norwebia repeated dibiarkan monopoli sih jadi  nya iya banget repeated cmiiw;inti takut anggur demo bijak mobil listrik norwebia repeated biar monopoli sih jadi nya iya banget repeated cmiiw
79;Pas di hutan cas habis....;-1.0;pas di hutan cas habis repeated;['pas', 'di', 'hutan', 'cas', 'habis', 'repeated'];['cocok', 'di', 'hutan', 'cas', 'habis', 'repeated'];['cocok', 'hutan', 'cas', 'habis', 'repeated'];cocok hutan cas habis repeated;cocok hutan cas habis repeated
80;Srs airbag nya gmn om?;0.0;srs airbag nya gmn om;['srs', 'airbag', 'nya', 'gmn', 'om'];['srs', 'airbag', 'nya', 'bagaimana', 'om'];['srs', 'airbag', 'nya', 'om'];srs airbag nya om;srs airbag nya om
81;Ada 6;1.0;ada number;['ada', 'number'];['ada', 'number'];['number'];number;number
82;Sdh dp dari April 2022 belom ada update sampai skrng.. mgkn nanti Trima nya 2024. Org sdh pada spk drone tahun depan ğŸ˜‚;0.0;sdh dp dari date belom ada update sampai skrng repeated mgkn nanti trima nya number org sdh pada spk drone tahun depan;['sdh', 'dp', 'dari', 'date', 'belom', 'ada', 'update', 'sampai', 'skrng', 'repeated', 'mgkn', 'nanti', 'trima', 'nya', 'number', 'org', 'sdh', 'pada', 'spk', 'drone', 'tahun', 'depan'];['sudah', 'dp', 'dari', 'date', 'belum', 'ada', 'update', 'sampai', 'sekarang', 'repeated', 'mgkn', 'nanti', 'trima', 'nya', 'number', 'orang', 'sudah', 'pada', 'spk', 'drone', 'tahun', 'depan'];['dp', 'date', 'update', 'repeated', 'mgkn', 'trima', 'nya', 'number', 'orang', 'spk', 'drone'];dp date update repeated mgkn trima nya number orang spk drone;dp date update repeated mgkn trima nya number orang spk drone
83;Tetep ya mobil listrik itu bisa di beli kalangan menengah keatas karna daya watt nya kl diisi dirumah harus ada 6.600 wattğŸ˜…;1.0;tetep ya mobil listrik itu bisa di beli kalangan menengah keatas karna daya watt nya kl diisi dirumah harus ada number watt;['tetep', 'ya', 'mobil', 'listrik', 'itu', 'bisa', 'di', 'beli', 'kalangan', 'menengah', 'keatas', 'karna', 'daya', 'watt', 'nya', 'kl', 'diisi', 'dirumah', 'harus', 'ada', 'number', 'watt'];['tetap', 'iya', 'mobil', 'listrik', 'itu', 'bisa', 'di', 'beli', 'kalangan', 'menengah', 'keatas', 'karena', 'daya', 'watt', 'nya', 'kalau', 'diisi', 'dirumah', 'harus', 'ada', 'number', 'watt'];['iya', 'mobil', 'listrik', 'beli', 'kalangan', 'menengah', 'keatas', 'daya', 'watt', 'nya', 'diisi', 'dirumah', 'number', 'watt'];iya mobil listrik beli kalangan menengah keatas daya watt nya diisi dirumah number watt;iya mobil listrik beli kalang tengah atas daya watt nya isi rumah number watt
84;Lah gw ga sadar nonton udh 55 menit. Berarti gw sangat menikmati penjelasan om fitra yah wkwk;1.0;lah gw ga sadar nonton udh number menit berarti gw sangat menikmati penjelasan om fitra yah wkwk;['lah', 'gw', 'ga', 'sadar', 'nonton', 'udh', 'number', 'menit', 'berarti', 'gw', 'sangat', 'menikmati', 'penjelasan', 'om', 'fitra', 'yah', 'wkwk'];['lah', 'saya', 'tidak', 'sadar', 'nonton', 'sudah', 'number', 'menit', 'berarti', 'saya', 'sangat', 'menikmati', 'penjelasan', 'om', 'fitra', 'yah', 'wkwk'];['sadar', 'nonton', 'number', 'menit', 'menikmati', 'penjelasan', 'om', 'fitra', 'yah', 'wkwk'];sadar nonton number menit menikmati penjelasan om fitra yah wkwk;sadar nonton number menit nikmat jelas om fitra yah wkwk
86;Tunggu ioniq 7;1.0;tunggu ioniq number;['tunggu', 'ioniq', 'number'];['tunggu', 'ioniq', 'number'];['tunggu', 'ioniq', 'number'];tunggu ioniq number;tunggu ioniq number
87;harganya yg murah dong .;1.0;harganya yg murah dong;['harganya', 'yg', 'murah', 'dong'];['harganya', 'yang', 'murah', 'dong'];['harganya', 'murah'];harganya murah;harga murah
88;Klo banjir gmn?;0.0;klo banjir gmn;['klo', 'banjir', 'gmn'];['kalau', 'banjir', 'bagaimana'];['banjir'];banjir;banjir
89;@Miftahul Iman maaf om.. baru keluar dari goa nih. Makanya nanya. Mungkin orang modern seperti om bisa menjawab;0.0;user iman maaf om repeated baru keluar dari goa nih makanya nanya mungkin orang modern seperti om bisa menjawab;['user', 'iman', 'maaf', 'om', 'repeated', 'baru', 'keluar', 'dari', 'goa', 'nih', 'makanya', 'nanya', 'mungkin', 'orang', 'modern', 'seperti', 'om', 'bisa', 'menjawab'];['user', 'iman', 'maaf', 'om', 'repeated', 'baru', 'keluar', 'dari', 'goa', 'ini', 'makanya', 'nanya', 'mungkin', 'orang', 'modern', 'seperti', 'om', 'bisa', 'menjawab'];['user', 'iman', 'maaf', 'om', 'repeated', 'goa', 'nanya', 'orang', 'modern', 'om'];user iman maaf om repeated goa nanya orang modern om;user iman maaf om repeated goa nanya orang modern om
90;Pertanyaan jaman batu;0.0;pertanyaan jaman batu;['pertanyaan', 'jaman', 'batu'];['pertanyaan', 'jaman', 'batu'];['jaman', 'batu'];jaman batu;jaman batu
91;Berterimakasihlah pada dahlan iksan pencetus mobil listrik indonesia;1.0;berterimakasihlah pada dahlan iksan pencetus mobil listrik indonesia;['berterimakasihlah', 'pada', 'dahlan', 'iksan', 'pencetus', 'mobil', 'listrik', 'indonesia'];['berterimakasihlah', 'pada', 'dahlan', 'iksan', 'pencetus', 'mobil', 'listrik', 'indonesia'];['berterimakasihlah', 'dahlan', 'iksan', 'pencetus', 'mobil', 'listrik', 'indonesia'];berterimakasihlah dahlan iksan pencetus mobil listrik indonesia;berterimakasihlah dahlan iksan cetus mobil listrik indonesia
92;Shell malah komit banget suport kendaraan listrik.. pertamina kok gak malu ya?? Yg notabene perusahaan bumn milik negara;-1.0;shell malah komit banget suport kendaraan listrik repeated pertamina kok gak malu ya repeated yg notabene perusahaan bumn milik negara;['shell', 'malah', 'komit', 'banget', 'suport', 'kendaraan', 'listrik', 'repeated', 'pertamina', 'kok', 'gak', 'malu', 'ya', 'repeated', 'yg', 'notabene', 'perusahaan', 'bumn', 'milik', 'negara'];['shell', 'malah', 'komit', 'banget', 'suport', 'kendaraan', 'listrik', 'repeated', 'pertamina', 'kok', 'tidak', 'malu', 'iya', 'repeated', 'yang', 'notabene', 'perusahaan', 'bumn', 'milik', 'negara'];['shell', 'komit', 'banget', 'suport', 'kendaraan', 'listrik', 'repeated', 'pertamina', 'malu', 'iya', 'repeated', 'notabene', 'perusahaan', 'bumn', 'milik', 'negara'];shell komit banget suport kendaraan listrik repeated pertamina malu iya repeated notabene perusahaan bumn milik negara;shell komit banget suport kendara listrik repeated pertamina malu iya repeated notabene usaha bumn milik negara
93;Hyundai cuma CKD 100 unit ioniq 5 <br>Target awal seperti itu karena mereka tdk menyangka permintaan akan membludak seperti ini. Jadi ya supply-nya kalah jauh dibanding demand-nya;0.0;hyundai cuma allcaps ckd allcaps number unit ioniq number br target awal seperti itu karena mereka tdk menyangka permintaan akan membludak seperti ini jadi ya supply nya kalah jauh dibanding demand nya;['hyundai', 'cuma', 'allcaps', 'ckd', 'allcaps', 'number', 'unit', 'ioniq', 'number', 'br', 'target', 'awal', 'seperti', 'itu', 'karena', 'mereka', 'tdk', 'menyangka', 'permintaan', 'akan', 'membludak', 'seperti', 'ini', 'jadi', 'ya', 'supply', 'nya', 'kalah', 'jauh', 'dibanding', 'demand', 'nya'];['hyundai', 'cuma', 'allcaps', 'ckd', 'allcaps', 'number', 'unit', 'ioniq', 'number', 'br', 'target', 'awal', 'seperti', 'itu', 'karena', 'mereka', 'tidak', 'menyangka', 'permintaan', 'akan', 'membludak', 'seperti', 'ini', 'jadi', 'iya', 'supply', 'nya', 'kalah', 'jauh', 'dibanding', 'demand', 'nya'];['hyundai', 'allcaps', 'ckd', 'allcaps', 'number', 'unit', 'ioniq', 'number', 'br', 'target', 'menyangka', 'permintaan', 'membludak', 'iya', 'supply', 'nya', 'kalah', 'dibanding', 'demand', 'nya'];hyundai allcaps ckd allcaps number unit ioniq number br target menyangka permintaan membludak iya supply nya kalah dibanding demand nya;hyundai allcaps ckd allcaps number unit ioniq number br target sangka minta membludak iya supply nya kalah banding demand nya
94;review ioniq 6 om;1.0;review ioniq number om;['review', 'ioniq', 'number', 'om'];['review', 'ioniq', 'number', 'om'];['review', 'ioniq', 'number', 'om'];review ioniq number om;review ioniq number om
95;Belum masuk;1.0;belum masuk;['belum', 'masuk'];['belum', 'masuk'];['masuk'];masuk;masuk
96;mobil mahal emang beda....hehe;1.0;mobil mahal emang beda repeated hehe;['mobil', 'mahal', 'emang', 'beda', 'repeated', 'hehe'];['mobil', 'mahal', 'memang', 'beda', 'repeated', 'hehe'];['mobil', 'mahal', 'beda', 'repeated', 'hehe'];mobil mahal beda repeated hehe;mobil mahal beda repeated hehe
97;Kalo jalan jauh ke bali gk cocok bawa mbl ginian. Nunggu penuh nya aja lama ğŸ˜‚;-1.0;kalo jalan jauh ke bali gk cocok bawa mbl ginian nunggu penuh nya aja lama;['kalo', 'jalan', 'jauh', 'ke', 'bali', 'gk', 'cocok', 'bawa', 'mbl', 'ginian', 'nunggu', 'penuh', 'nya', 'aja', 'lama'];['kalau', 'jalan', 'jauh', 'ke', 'bali', 'tidak', 'cocok', 'bawa', 'mbl', 'ginian', 'nunggu', 'penuh', 'nya', 'saja', 'lama'];['jalan', 'bali', 'cocok', 'bawa', 'mbl', 'ginian', 'nunggu', 'penuh', 'nya'];jalan bali cocok bawa mbl ginian nunggu penuh nya;jalan bal cocok bawa mbl ginian nunggu penuh nya
98;Lutut ku bergetarâ€¦ hanya bisa ngeliat saja.. good job mas fitraâ€¦;1.0;lutut ku bergetar hanya bisa ngeliat saja repeated good job mas fitra;['lutut', 'ku', 'bergetar', 'hanya', 'bisa', 'ngeliat', 'saja', 'repeated', 'good', 'job', 'mas', 'fitra'];['lutut', 'ku', 'bergetar', 'hanya', 'bisa', 'ngeliat', 'saja', 'repeated', 'good', 'job', 'mas', 'fitra'];['lutut', 'ku', 'bergetar', 'ngeliat', 'repeated', 'good', 'job', 'mas', 'fitra'];lutut ku bergetar ngeliat repeated good job mas fitra;lutut ku getar ngeliat repeated good job mas fitra
99;TELKOMSEL RUSAK - RUSAK SAJA GELOMBANGANNYA BACA TULISAN SAYA INI BINATANG;-1.0;allcaps telkomsel rusak allcaps allcaps rusak saja gelombangannya baca tulisan saya ini binatang allcaps;['allcaps', 'telkomsel', 'rusak', 'allcaps', 'allcaps', 'rusak', 'saja', 'gelombangannya', 'baca', 'tulisan', 'saya', 'ini', 'binatang', 'allcaps'];['allcaps', 'telkomsel', 'rusak', 'allcaps', 'allcaps', 'rusak', 'saja', 'gelombangannya', 'baca', 'tulisan', 'saya', 'ini', 'binatang', 'allcaps'];['allcaps', 'telkomsel', 'rusak', 'allcaps', 'allcaps', 'rusak', 'gelombangannya', 'baca', 'tulisan', 'binatang', 'allcaps'];allcaps telkomsel rusak allcaps allcaps rusak gelombangannya baca tulisan binatang allcaps;allcaps telkomsel rusak allcaps allcaps rusak gelombang baca tulis binatang allcaps
100;Gampang buat dipake drifting hehehe;1.0;gampang buat dipake drifting hehehe;['gampang', 'buat', 'dipake', 'drifting', 'hehehe'];['gampang', 'buat', 'dipakai', 'drifting', 'hehehe'];['gampang', 'dipakai', 'drifting', 'hehehe'];gampang dipakai drifting hehehe;gampang pakai drifting hehehe
101;saya tetep beli new hrv aja ğŸ˜;0.0;saya tetep beli new hrv aja;['saya', 'tetep', 'beli', 'new', 'hrv', 'aja'];['saya', 'tetap', 'beli', 'new', 'hrv', 'saja'];['beli', 'new', 'hrv'];beli new hrv;beli new hrv
103;pajak nya brp om?;0.0;pajak nya brp om;['pajak', 'nya', 'brp', 'om'];['pajak', 'nya', 'brp', 'om'];['pajak', 'nya', 'brp', 'om'];pajak nya brp om;pajak nya brp om
104;Kesini gara2 kakak beli ni mobil... Alhamdulillah ğŸ˜‡;1.0;kesini gara2 kakak beli ni mobil repeated alhamdulillah;['kesini', 'gara2', 'kakak', 'beli', 'ni', 'mobil', 'repeated', 'alhamdulillah'];['kesini', 'gara2', 'kakak', 'beli', 'ini', 'mobil', 'repeated', 'syukur'];['kesini', 'gara2', 'kakak', 'beli', 'mobil', 'repeated', 'syukur'];kesini gara2 kakak beli mobil repeated syukur;kesini gara2 kakak beli mobil repeated syukur
105;Oi gimana nih tanggapannya soal cat mengelupas. Influencer pada diem2 bae kl ad mslh beginian. Jgn2 bayaran hyundai yaa!;-1.0;oi gimana nih tanggapannya soal cat mengelupas influencer pada diem2 bae kl ad mslh beginian jgn2 bayaran hyundai yaa;['oi', 'gimana', 'nih', 'tanggapannya', 'soal', 'cat', 'mengelupas', 'influencer', 'pada', 'diem2', 'bae', 'kl', 'ad', 'mslh', 'beginian', 'jgn2', 'bayaran', 'hyundai', 'yaa'];['oi', 'bagaimana', 'ini', 'tanggapannya', 'soal', 'cat', 'mengelupas', 'influencer', 'pada', 'diem2', 'bae', 'kalau', 'ada', 'mslh', 'beginian', 'jgn2', 'bayaran', 'hyundai', 'iya'];['oi', 'tanggapannya', 'cat', 'mengelupas', 'influencer', 'diem2', 'bae', 'mslh', 'jgn2', 'bayaran', 'hyundai', 'iya'];oi tanggapannya cat mengelupas influencer diem2 bae mslh jgn2 bayaran hyundai iya;oi tanggap cat kelupas influencer diem2 bae mslh jgn2 bayar hyundai iya
106;Kesini Gara2 liat di IG mobil ini ditempeli lakban cat mobilnya kebawa di lakbanya.;0.0;kesini gara2 liat di ig mobil ini ditempeli lakban cat mobilnya kebawa di lakbanya;['kesini', 'gara2', 'liat', 'di', 'ig', 'mobil', 'ini', 'ditempeli', 'lakban', 'cat', 'mobilnya', 'kebawa', 'di', 'lakbanya'];['kesini', 'gara2', 'lihat', 'di', 'ig', 'mobil', 'ini', 'ditempeli', 'lakban', 'cat', 'mobilnya', 'kebawa', 'di', 'lakbanya'];['kesini', 'gara2', 'lihat', 'ig', 'mobil', 'ditempeli', 'lakban', 'cat', 'mobilnya', 'kebawa', 'lakbanya'];kesini gara2 lihat ig mobil ditempeli lakban cat mobilnya kebawa lakbanya;kesini gara2 lihat ig mobil tempel lakban cat mobil bawa lakbanya
107;Ngecharge di warkop bisa gak om..ğŸ™ğŸ¥º;0.0;ngecharge di warkop bisa gak om repeated;['ngecharge', 'di', 'warkop', 'bisa', 'gak', 'om', 'repeated'];['ngecharge', 'di', 'warkop', 'bisa', 'tidak', 'om', 'repeated'];['ngecharge', 'warkop', 'om', 'repeated'];ngecharge warkop om repeated;ngecharge warkop om repeated
108;Dengar dengar cat nya kena lakban saja ngelupas ya...!;-1.0;dengar dengar cat nya kena lakban saja ngelupas ya repeated;['dengar', 'dengar', 'cat', 'nya', 'kena', 'lakban', 'saja', 'ngelupas', 'ya', 'repeated'];['dengar', 'dengar', 'cat', 'nya', 'kena', 'lakban', 'saja', 'ngelupas', 'iya', 'repeated'];['dengar', 'dengar', 'cat', 'nya', 'kena', 'lakban', 'ngelupas', 'iya', 'repeated'];dengar dengar cat nya kena lakban ngelupas iya repeated;dengar dengar cat nya kena lakban ngelupas iya repeated
109;Cat nya nglotok gak?;0.0;cat nya nglotok gak;['cat', 'nya', 'nglotok', 'gak'];['cat', 'nya', 'nglotok', 'tidak'];['cat', 'nya', 'nglotok'];cat nya nglotok;cat nya nglotok
110;Jadi pingin punya mobil ev;1.0;jadi pingin punya mobil ev;['jadi', 'pingin', 'punya', 'mobil', 'ev'];['jadi', 'pingin', 'punya', 'mobil', 'ev'];['pingin', 'mobil', 'ev'];pingin mobil ev;pingin mobil ev
111;Rumah pun punya powerbank sekarang;1.0;rumah pun punya powerbank sekarang;['rumah', 'pun', 'punya', 'powerbank', 'sekarang'];['rumah', 'pun', 'punya', 'powerbank', 'sekarang'];['rumah', 'powerbank'];rumah powerbank;rumah powerbank
112;Kualitas cat nya gimana om? Besok jangan lupa bawa lakban.;-1.0;kualitas cat nya gimana om besok jangan lupa bawa lakban;['kualitas', 'cat', 'nya', 'gimana', 'om', 'besok', 'jangan', 'lupa', 'bawa', 'lakban'];['kualitas', 'cat', 'nya', 'bagaimana', 'om', 'besok', 'jangan', 'lupa', 'bawa', 'lakban'];['kualitas', 'cat', 'nya', 'om', 'besok', 'lupa', 'bawa', 'lakban'];kualitas cat nya om besok lupa bawa lakban;kualitas cat nya om besok lupa bawa lakban
113;Bang benarkah mobil ini cat nya terkelupas bila di kenakan lakban .;-1.0;bang benarkah mobil ini cat nya terkelupas bila di kenakan lakban;['bang', 'benarkah', 'mobil', 'ini', 'cat', 'nya', 'terkelupas', 'bila', 'di', 'kenakan', 'lakban'];['bang', 'benarkah', 'mobil', 'ini', 'cat', 'nya', 'terkelupas', 'bila', 'di', 'kenakan', 'lakban'];['bang', 'mobil', 'cat', 'nya', 'terkelupas', 'kenakan', 'lakban'];bang mobil cat nya terkelupas kenakan lakban;bang mobil cat nya kelupas kena lakban
114;Ini sdh bisa di pakai di luar jawa ya om fitra?;0.0;ini sdh bisa di pakai di luar jawa ya om fitra;['ini', 'sdh', 'bisa', 'di', 'pakai', 'di', 'luar', 'jawa', 'ya', 'om', 'fitra'];['ini', 'sudah', 'bisa', 'di', 'pakai', 'di', 'luar', 'jawa', 'iya', 'om', 'fitra'];['pakai', 'jawa', 'iya', 'om', 'fitra'];pakai jawa iya om fitra;pakai jawa iya om fitra
115;Speed likmiter gak dibahas bang;0.0;speed likmiter gak dibahas bang;['speed', 'likmiter', 'gak', 'dibahas', 'bang'];['speed', 'likmiter', 'tidak', 'dibahas', 'bang'];['speed', 'likmiter', 'dibahas', 'bang'];speed likmiter dibahas bang;speed likmiter bahas bang
116;Mana Indonesia katanya mau bikin;1.0;mana indonesia katanya mau bikin;['mana', 'indonesia', 'katanya', 'mau', 'bikin'];['mana', 'indonesia', 'katanya', 'mau', 'membuat'];['indonesia'];indonesia;indonesia
